date,discharge_cms,precipitation_mm
2000-01-01,13.3285,0.0
2000-01-02,8.8037,0.0
2000-01-03,12.4806,9.01
2000-01-04,18.5202,1.5
2000-01-05,8.2226,20.82
2000-01-06,5.1173,0.0
2000-01-07,5.9393,55.73
2000-01-08,5.684,1.52
2000-01-09,6.1697,0.0
2000-01-10,4.7402,31.85
2000-01-11,7.53,0.0
2000-01-12,11.0105,37.46
2000-01-13,11.6623,135.9
2000-01-14,18.8978,144.91
2000-01-15,22.4427,92.65
2000-01-16,15.3387,30.38
2000-01-17,17.8609,0.0
2000-01-18,11.9867,17.61
2000-01-19,17.571,24.81
2000-01-20,17.0865,36.13
2000-01-21,15.7815,78.25
2000-01-22,12.0171,0.0
2000-01-23,20.2935,56.13
2000-01-24,18.7121,0.0
2000-01-25,15.5671,1.55
2000-01-26,13.5913,51.37
2000-01-27,17.2001,102.92
2000-01-28,19.9224,157.11
2000-01-29,23.2211,0.0
2000-01-30,26.9005,4.42
2000-01-31,61.514,341.82
2000-02-01,46.4898,0.0
2000-02-02,34.5537,0.0
2000-02-03,23.368,0.0
2000-02-04,29.243,0.0
2000-02-05,44.1549,0.0
2000-02-06,38.8297,0.0
2000-02-07,25.76,0.0
2000-02-08,17.8656,49.65
2000-02-09,23.2981,0.0
2000-02-10,30.8032,4.63
2000-02-11,36.6264,0.0
2000-02-12,26.286,0.0
2000-02-13,27.9867,83.29
2000-02-14,28.287,0.0
2000-02-15,29.7815,0.0
2000-02-16,40.6707,128.13
2000-02-17,41.5415,23.11
2000-02-18,50.9483,0.0
2000-02-19,47.8991,0.0
2000-02-20,49.5609,16.75
2000-02-21,58.7452,27.31
2000-02-22,29.4359,0.0
2000-02-23,24.9177,61.38
2000-02-24,20.1572,22.42
2000-02-25,15.535,7.26
2000-02-26,14.2134,30.49
2000-02-27,26.8623,0.0
2000-02-28,18.4161,0.0
2000-02-29,27.4811,0.0
2000-03-01,13.514,0.0
2000-03-02,12.2463,20.6
2000-03-03,13.7032,51.79
2000-03-04,18.0221,107.94
2000-03-05,24.3239,33.66
2000-03-06,33.0314,148.49
2000-03-07,27.473,68.4
2000-03-08,22.1998,41.82
2000-03-09,31.2343,77.93
2000-03-10,27.8548,0.0
2000-03-11,16.1843,0.0
2000-03-12,10.4719,0.0
2000-03-13,7.6909,0.0
2000-03-14,10.3153,0.0
2000-03-15,11.6687,109.51
2000-03-16,16.2992,0.0
2000-03-17,14.0446,65.91
2000-03-18,15.5559,6.43
2000-03-19,20.6281,1.85
2000-03-20,18.2571,103.16
2000-03-21,22.289,7.15
2000-03-22,16.9867,0.0
2000-03-23,14.9817,0.0
2000-03-24,13.2672,0.0
2000-03-25,8.5444,0.0
2000-03-26,11.3273,50.08
2000-03-27,9.9355,6.39
2000-03-28,10.7219,0.0
2000-03-29,13.8909,157.36
2000-03-30,17.3345,25.12
2000-03-31,23.1643,64.24
2000-04-01,22.124,0.0
2000-04-02,18.6046,0.0
2000-04-03,18.2689,18.44
2000-04-04,9.3704,0.0
2000-04-05,5.6312,47.94
2000-04-06,3.7287,1.11
2000-04-07,2.9251,19.23
2000-04-08,4.1314,87.31
2000-04-09,3.3322,0.0
2000-04-10,3.3935,30.81
2000-04-11,6.8055,0.0
2000-04-12,6.5493,40.44
2000-04-13,9.8497,0.0
2000-04-14,7.2518,0.0
2000-04-15,7.3736,0.0
2000-04-16,5.5365,0.0
2000-04-17,5.4652,0.0
2000-04-18,8.7072,86.05
2000-04-19,4.6983,0.0
2000-04-20,6.4373,0.0
2000-04-21,7.912,18.65
2000-04-22,6.812,3.84
2000-04-23,4.21,30.49
2000-04-24,5.0279,66.33
2000-04-25,4.6294,54.49
2000-04-26,5.8467,105.76
2000-04-27,6.6351,0.0
2000-04-28,14.1113,189.6
2000-04-29,13.2845,0.0
2000-04-30,9.1513,118.94
2000-05-01,10.6142,0.0
2000-05-02,12.3437,14.88
2000-05-03,22.4527,94.15
2000-05-04,31.2614,67.49
2000-05-05,34.7814,0.0
2000-05-06,59.9701,44.1
2000-05-07,33.5924,0.0
2000-05-08,24.7747,19.04
2000-05-09,16.7216,0.0
2000-05-10,14.5358,88.92
2000-05-11,8.5788,0.0
2000-05-12,11.9975,29.65
2000-05-13,11.4936,0.09
2000-05-14,6.6641,77.62
2000-05-15,4.8819,20.87
2000-05-16,6.3012,119.52
2000-05-17,9.8225,0.0
2000-05-18,23.4963,126.54
2000-05-19,75.2077,8.62
2000-05-20,78.606,0.0
2000-05-21,46.3181,104.4
2000-05-22,18.0263,27.73
2000-05-23,20.2063,0.0
2000-05-24,14.4626,0.0
2000-05-25,12.5322,0.0
2000-05-26,10.1553,21.08
2000-05-27,10.1488,0.0
2000-05-28,16.528,38.9
2000-05-29,17.8055,0.0
2000-05-30,16.7566,0.0
2000-05-31,11.1108,0.0
2000-06-01,5.9021,17.52
2000-06-02,5.373,20.56
2000-06-03,5.8751,0.0
2000-06-04,13.319,52.98
2000-06-05,14.4249,35.71
2000-06-06,21.8927,0.0
2000-06-07,17.5381,0.0
2000-06-08,10.8552,128.09
2000-06-09,7.6697,64.97
2000-06-10,6.1615,98.54
2000-06-11,16.0328,27.52
2000-06-12,11.5667,87.09
2000-06-13,16.8308,0.0
2000-06-14,11.6824,0.0
2000-06-15,17.6161,89.5
2000-06-16,20.4908,123.68
2000-06-17,18.8661,0.0
2000-06-18,18.3323,0.0
2000-06-19,13.9196,0.0
2000-06-20,16.9185,23.38
2000-06-21,14.0148,0.0
2000-06-22,8.6394,4.54
2000-06-23,5.4467,46.36
2000-06-24,6.4418,0.0
2000-06-25,13.254,1.64
2000-06-26,14.3593,162.64
2000-06-27,13.7867,4.47
2000-06-28,15.6416,43.7
2000-06-29,26.5015,104.88
2000-06-30,27.5361,0.0
2000-07-01,22.0736,26.77
2000-07-02,33.3611,92.07
2000-07-03,36.8764,0.0
2000-07-04,63.2017,71.69
2000-07-05,59.5829,0.0
2000-07-06,31.9134,9.51
2000-07-07,17.0644,0.0
2000-07-08,32.8,73.92
2000-07-09,61.1246,0.0
2000-07-10,49.7488,35.08
2000-07-11,37.9699,0.0
2000-07-12,62.6665,25.59
2000-07-13,34.8865,0.0
2000-07-14,22.3169,69.44
2000-07-15,27.7103,134.49
2000-07-16,22.1416,125.32
2000-07-17,21.1318,91.72
2000-07-18,18.9848,64.17
2000-07-19,21.0863,0.0
2000-07-20,35.7565,68.86
2000-07-21,33.8706,74.32
2000-07-22,40.3197,44.37
2000-07-23,15.8539,68.42
2000-07-24,15.2631,8.37
2000-07-25,10.6819,0.0
2000-07-26,6.6301,110.1
2000-07-27,4.9319,0.0
2000-07-28,4.6957,17.83
2000-07-29,7.4469,32.04
2000-07-30,4.5631,0.0
2000-07-31,5.0636,195.71
2000-08-01,4.5157,58.5
2000-08-02,4.3334,0.0
2000-08-03,7.1507,0.0
2000-08-04,9.3325,0.0
2000-08-05,16.4221,12.18
2000-08-06,14.9879,0.0
2000-08-07,11.0717,0.0
2000-08-08,10.175,0.0
2000-08-09,11.3767,0.84
2000-08-10,12.2531,7.93
2000-08-11,7.8614,11.24
2000-08-12,8.4495,43.25
2000-08-13,9.5348,0.0
2000-08-14,26.8817,46.56
2000-08-15,53.1515,30.54
2000-08-16,32.6631,34.69
2000-08-17,26.3802,177.38
2000-08-18,13.4871,69.35
2000-08-19,10.436,42.42
2000-08-20,11.928,20.55
2000-08-21,19.3062,0.0
2000-08-22,13.6504,11.22
2000-08-23,10.2652,10.93
2000-08-24,4.3261,66.14
2000-08-25,4.4063,5.43
2000-08-26,3.1109,60.15
2000-08-27,2.8126,122.43
2000-08-28,2.2287,26.46
2000-08-29,2.476,407.63
2000-08-30,1.3883,0.0
2000-08-31,0.923,26.09
2000-09-01,2.7326,31.74
2000-09-02,1.8352,0.0
2000-09-03,1.3803,294.49
2000-09-04,3.4955,30.09
2000-09-05,12.5275,35.17
2000-09-06,7.6609,94.3
2000-09-07,6.7829,111.16
2000-09-08,8.0932,0.0
2000-09-09,16.6604,0.0
2000-09-10,10.6851,0.0
2000-09-11,9.635,81.43
2000-09-12,13.268,50.99
2000-09-13,15.4414,13.8
2000-09-14,12.7585,7.88
2000-09-15,11.8311,1.7
2000-09-16,6.6813,58.33
2000-09-17,6.2989,97.48
2000-09-18,5.9015,55.61
2000-09-19,6.8057,6.12
2000-09-20,5.6302,0.0
2000-09-21,7.1824,14.98
2000-09-22,11.1549,0.0
2000-09-23,11.7574,27.84
2000-09-24,13.3521,7.45
2000-09-25,13.2788,33.55
2000-09-26,12.9302,75.56
2000-09-27,9.4217,133.64
2000-09-28,10.7595,152.09
2000-09-29,10.2651,0.0
2000-09-30,23.8824,145.26
2000-10-01,41.6657,6.53
2000-10-02,42.7036,0.0
2000-10-03,27.42,183.5
2000-10-04,15.9153,0.0
2000-10-05,24.6814,70.28
2000-10-06,25.2456,220.4
2000-10-07,28.1416,6.24
2000-10-08,12.6147,10.35
2000-10-09,17.9602,0.0
2000-10-10,20.442,276.23
2000-10-11,12.2,67.79
2000-10-12,9.8882,90.34
2000-10-13,11.0049,0.0
2000-10-14,11.1348,0.0
2000-10-15,9.7889,0.0
2000-10-16,9.4002,0.0
2000-10-17,8.5327,0.0
2000-10-18,9.2065,109.2
2000-10-19,16.8324,0.0
2000-10-20,5.6751,8.14
2000-10-21,5.4311,18.23
2000-10-22,6.1706,0.0
2000-10-23,7.2744,0.4
2000-10-24,6.4464,273.78
2000-10-25,3.2972,35.28
2000-10-26,4.1726,2.99
2000-10-27,9.1107,0.0
2000-10-28,4.9445,0.65
2000-10-29,7.496,0.0
2000-10-30,6.7512,17.84
2000-10-31,6.8424,0.0
2000-11-01,4.6366,15.81
2000-11-02,4.3566,0.0
2000-11-03,7.9837,145.44
2000-11-04,10.3546,4.99
2000-11-05,20.8971,64.82
2000-11-06,31.5986,28.91
2000-11-07,34.1262,4.62
2000-11-08,62.1038,0.0
2000-11-09,63.0907,0.0
2000-11-10,74.9486,0.0
2000-11-11,55.5987,16.63
2000-11-12,49.1209,136.7
2000-11-13,32.2235,0.0
2000-11-14,43.5255,0.0
2000-11-15,23.7798,13.65
2000-11-16,30.3913,0.0
2000-11-17,25.6194,40.12
2000-11-18,38.0992,0.0
2000-11-19,46.1035,0.0
2000-11-20,84.5934,0.0
2000-11-21,94.4721,141.02
2000-11-22,41.1161,0.0
2000-11-23,35.5403,36.52
2000-11-24,19.9088,0.0
2000-11-25,15.3317,305.33
2000-11-26,27.5243,0.0
2000-11-27,32.894,0.0
2000-11-28,22.5198,70.91
2000-11-29,14.0577,38.39
2000-11-30,14.0051,0.0
2000-12-01,8.4192,106.05
2000-12-02,6.6167,40.62
2000-12-03,7.9204,40.4
2000-12-04,13.1303,52.68
2000-12-05,16.6651,0.0
2000-12-06,6.3971,0.0
2000-12-07,7.6739,26.67
2000-12-08,8.245,46.16
2000-12-09,10.1131,92.26
2000-12-10,19.824,86.9
2000-12-11,8.2373,0.0
2000-12-12,6.7371,2.5
2000-12-13,9.0638,36.01
2000-12-14,4.9257,0.0
2000-12-15,9.7708,15.73
2000-12-16,11.6306,0.0
2000-12-17,16.5473,16.85
2000-12-18,12.8456,37.13
2000-12-19,17.8925,79.65
2000-12-20,26.8213,0.0
2000-12-21,27.6365,0.0
2000-12-22,28.4332,17.78
2000-12-23,29.6226,16.37
2000-12-24,19.4375,105.27
2000-12-25,17.7246,0.0
2000-12-26,16.2767,0.0
2000-12-27,18.7272,0.0
2000-12-28,27.3216,0.0
2000-12-29,16.7391,16.34
2000-12-30,15.6639,0.0
2000-12-31,28.2848,0.0
2001-01-01,19.5656,25.19
2001-01-02,13.6277,0.0
2001-01-03,14.8666,20.73
2001-01-04,20.881,0.0
2001-01-05,20.3023,0.0
2001-01-06,33.7659,0.0
2001-01-07,44.3008,11.56
2001-01-08,56.3883,97.51
2001-01-09,62.5232,0.0
2001-01-10,140.9363,0.0
2001-01-11,105.7921,280.93
2001-01-12,39.3748,0.0
2001-01-13,69.2042,7.32
2001-01-14,50.1426,0.0
2001-01-15,47.0799,0.0
2001-01-16,72.3781,25.31
2001-01-17,32.913,23.79
2001-01-18,18.5514,0.0
2001-01-19,9.5705,0.0
2001-01-20,7.2783,0.0
2001-01-21,9.3601,12.42
2001-01-22,12.1807,0.0
2001-01-23,14.0038,46.74
2001-01-24,8.0247,145.5
2001-01-25,3.3663,3.4
2001-01-26,3.9862,0.0
2001-01-27,3.758,0.0
2001-01-28,5.1968,0.0
2001-01-29,7.701,0.0
2001-01-30,8.7664,128.24
2001-01-31,12.6935,25.46
2001-02-01,14.3378,144.32
2001-02-02,18.1012,29.8
2001-02-03,13.5743,18.44
2001-02-04,12.9348,0.0
2001-02-05,14.4264,0.0
2001-02-06,20.5196,0.0
2001-02-07,17.291,2.18
2001-02-08,21.4503,0.28
2001-02-09,18.9788,83.34
2001-02-10,18.0417,150.81
2001-02-11,25.2991,39.35
2001-02-12,10.9704,57.05
2001-02-13,6.8122,1.46
2001-02-14,4.1004,0.0
2001-02-15,1.8323,103.64
2001-02-16,1.724,42.89
2001-02-17,2.9096,173.57
2001-02-18,3.0804,62.42
2001-02-19,3.9464,39.43
2001-02-20,7.0949,0.43
2001-02-21,13.3205,0.0
2001-02-22,13.4136,125.27
2001-02-23,24.0288,0.0
2001-02-24,24.4929,67.1
2001-02-25,17.1105,64.51
2001-02-26,13.6349,141.91
2001-02-27,7.7511,12.37
2001-02-28,5.9004,111.76
2001-03-01,5.7102,0.0
2001-03-02,8.8758,5.94
2001-03-03,19.2187,0.0
2001-03-04,11.0377,3.76
2001-03-05,13.6912,150.96
2001-03-06,9.3208,172.94
2001-03-07,12.1455,9.49
2001-03-08,12.0902,19.08
2001-03-09,6.0501,0.0
2001-03-10,9.8645,0.0
2001-03-11,8.2675,0.0
2001-03-12,7.2497,27.57
2001-03-13,5.1801,0.0
2001-03-14,4.5176,0.0
2001-03-15,6.1854,0.0
2001-03-16,6.4105,0.0
2001-03-17,8.1694,0.0
2001-03-18,10.3228,0.0
2001-03-19,18.8294,0.0
2001-03-20,16.5758,126.39
2001-03-21,9.3276,0.0
2001-03-22,15.5058,115.67
2001-03-23,13.9656,0.0
2001-03-24,22.8145,0.0
2001-03-25,26.5032,24.05
2001-03-26,24.6595,95.37
2001-03-27,28.0546,2.37
2001-03-28,60.364,17.28
2001-03-29,127.4394,46.65
2001-03-30,111.4389,0.0
2001-03-31,102.3547,0.0
2001-04-01,137.3155,0.0
2001-04-02,82.3412,41.36
2001-04-03,83.4056,35.18
2001-04-04,72.9695,9.57
2001-04-05,74.1609,0.0
2001-04-06,47.2896,105.86
2001-04-07,23.1324,15.25
2001-04-08,9.9324,102.09
2001-04-09,6.7853,0.0
2001-04-10,6.2672,87.53
2001-04-11,6.2349,0.0
2001-04-12,15.3144,0.0
2001-04-13,24.741,0.0
2001-04-14,16.5526,32.16
2001-04-15,19.5275,45.99
2001-04-16,16.7128,39.4
2001-04-17,15.2468,306.38
2001-04-18,16.9639,0.0
2001-04-19,22.2787,36.32
2001-04-20,19.3543,149.96
2001-04-21,30.0608,100.5
2001-04-22,18.3511,0.0
2001-04-23,18.6571,70.95
2001-04-24,54.0888,0.0
2001-04-25,54.3629,2.74
2001-04-26,89.1402,0.0
2001-04-27,81.1147,0.0
2001-04-28,90.7487,33.87
2001-04-29,77.6026,158.11
2001-04-30,64.2749,88.9
2001-05-01,42.3108,136.44
2001-05-02,47.2244,31.01
2001-05-03,31.0402,0.0
2001-05-04,39.1832,0.0
2001-05-05,57.3745,1.22
2001-05-06,60.6216,0.0
2001-05-07,48.9094,122.23
2001-05-08,54.2945,0.0
2001-05-09,43.8208,45.24
2001-05-10,59.6809,0.0
2001-05-11,25.755,0.0
2001-05-12,21.9908,19.56
2001-05-13,9.7408,39.29
2001-05-14,5.68,26.3
2001-05-15,11.0728,0.0
2001-05-16,16.7894,15.22
2001-05-17,12.7374,0.0
2001-05-18,7.2143,0.0
2001-05-19,2.3799,0.0
2001-05-20,2.3156,37.38
2001-05-21,7.4993,12.62
2001-05-22,9.7553,0.0
2001-05-23,8.2774,192.68
2001-05-24,10.7924,0.0
2001-05-25,6.0426,10.56
2001-05-26,5.9491,57.66
2001-05-27,6.8848,0.0
2001-05-28,7.2891,121.68
2001-05-29,10.9453,90.57
2001-05-30,13.2111,32.63
2001-05-31,17.8604,84.12
2001-06-01,13.5519,0.0
2001-06-02,20.0388,32.89
2001-06-03,38.4219,26.08
2001-06-04,24.2111,22.04
2001-06-05,16.4466,0.0
2001-06-06,28.4698,10.88
2001-06-07,25.2367,0.0
2001-06-08,43.1346,0.0
2001-06-09,33.2128,48.53
2001-06-10,56.457,0.0
2001-06-11,53.4555,0.0
2001-06-12,53.5165,60.59
2001-06-13,90.8872,38.93
2001-06-14,67.3528,0.0
2001-06-15,40.5471,0.0
2001-06-16,31.1975,0.0
2001-06-17,35.3925,0.0
2001-06-18,17.5167,17.34
2001-06-19,22.5547,0.0
2001-06-20,17.6123,0.0
2001-06-21,27.838,15.98
2001-06-22,10.0451,0.79
2001-06-23,7.6263,67.76
2001-06-24,4.1216,0.0
2001-06-25,3.3367,186.83
2001-06-26,4.2521,0.0
2001-06-27,4.4555,77.84
2001-06-28,4.5084,116.74
2001-06-29,4.7314,0.0
2001-06-30,5.7219,20.62
2001-07-01,4.1601,0.0
2001-07-02,6.2343,64.12
2001-07-03,8.8382,0.0
2001-07-04,10.8385,0.69
2001-07-05,13.9753,0.0
2001-07-06,15.8354,0.0
2001-07-07,35.8501,52.33
2001-07-08,31.8658,196.8
2001-07-09,26.1744,31.12
2001-07-10,18.2577,0.0
2001-07-11,11.7499,0.0
2001-07-12,7.22,32.38
2001-07-13,5.3541,40.68
2001-07-14,5.6802,0.0
2001-07-15,7.0575,87.78
2001-07-16,7.6602,0.0
2001-07-17,5.9246,8.14
2001-07-18,9.2048,0.0
2001-07-19,12.8624,0.0
2001-07-20,12.1039,63.27
2001-07-21,9.3738,113.62
2001-07-22,12.0814,33.84
2001-07-23,13.1394,0.0
2001-07-24,7.3055,49.07
2001-07-25,7.4913,0.0
2001-07-26,8.7551,0.0
2001-07-27,6.2975,143.67
2001-07-28,7.2538,0.0
2001-07-29,4.2344,58.46
2001-07-30,8.0372,0.0
2001-07-31,13.8733,7.85
2001-08-01,12.399,0.0
2001-08-02,14.3603,0.0
2001-08-03,5.3337,0.0
2001-08-04,3.6017,0.0
2001-08-05,3.5734,79.39
2001-08-06,2.5872,0.0
2001-08-07,3.9757,0.0
2001-08-08,9.871,0.0
2001-08-09,6.2324,15.9
2001-08-10,4.706,51.39
2001-08-11,5.6274,0.0
2001-08-12,11.5512,65.59
2001-08-13,7.0426,0.0
2001-08-14,8.1492,0.0
2001-08-15,17.5808,0.0
2001-08-16,8.6555,29.89
2001-08-17,5.2808,0.0
2001-08-18,4.7684,17.9
2001-08-19,4.1767,158.94
2001-08-20,6.3515,0.0
2001-08-21,7.3728,67.31
2001-08-22,3.7287,46.54
2001-08-23,5.0729,26.32
2001-08-24,4.3081,143.43
2001-08-25,7.8595,0.0
2001-08-26,6.2787,55.06
2001-08-27,5.0992,213.44
2001-08-28,6.7983,0.0
2001-08-29,9.6542,36.06
2001-08-30,11.683,0.0
2001-08-31,5.8525,0.0
2001-09-01,7.6837,0.0
2001-09-02,5.2031,0.0
2001-09-03,6.1039,111.44
2001-09-04,3.6029,0.0
2001-09-05,4.7582,92.78
2001-09-06,3.6869,45.44
2001-09-07,2.4107,0.0
2001-09-08,3.6776,65.92
2001-09-09,4.4568,0.0
2001-09-10,3.7516,0.0
2001-09-11,7.4029,0.0
2001-09-12,6.3781,165.24
2001-09-13,6.7446,14.05
2001-09-14,7.8082,0.0
2001-09-15,6.2219,0.99
2001-09-16,7.8723,37.13
2001-09-17,6.4883,0.0
2001-09-18,5.7172,0.0
2001-09-19,10.454,0.0
2001-09-20,6.8327,10.58
2001-09-21,2.6629,14.0
2001-09-22,5.7714,0.0
2001-09-23,17.0395,168.44
2001-09-24,13.7671,34.63
2001-09-25,6.0988,11.42
2001-09-26,5.6238,58.01
2001-09-27,5.2754,0.15
2001-09-28,5.1751,18.79
2001-09-29,3.4985,0.0
2001-09-30,4.8657,33.11
2001-10-01,6.421,0.0
2001-10-02,3.6466,67.86
2001-10-03,5.3025,0.0
2001-10-04,12.8906,142.16
2001-10-05,13.4876,1.35
2001-10-06,11.4343,36.64
2001-10-07,10.6513,10.67
2001-10-08,13.5714,81.5
2001-10-09,6.5401,0.0
2001-10-10,7.2594,0.0
2001-10-11,6.3752,48.9
2001-10-12,14.0278,24.67
2001-10-13,12.6621,0.0
2001-10-14,24.33,0.0
2001-10-15,14.3329,11.01
2001-10-16,17.581,0.0
2001-10-17,18.9918,67.31
2001-10-18,12.5899,0.0
2001-10-19,13.2417,30.83
2001-10-20,21.0861,87.4
2001-10-21,17.2739,50.88
2001-10-22,8.2816,0.0
2001-10-23,8.3687,26.49
2001-10-24,5.9049,0.0
2001-10-25,5.3979,0.0
2001-10-26,5.5305,0.0
2001-10-27,2.9292,129.19
2001-10-28,1.7058,66.67
2001-10-29,2.4416,88.02
2001-10-30,2.2518,0.0
2001-10-31,0.9152,0.0
2001-11-01,1.5689,47.6
2001-11-02,2.0808,0.0
2001-11-03,1.8041,58.8
2001-11-04,1.2418,57.01
2001-11-05,2.1157,34.17
2001-11-06,2.82,0.0
2001-11-07,8.3449,22.91
2001-11-08,10.1024,134.03
2001-11-09,11.865,0.0
2001-11-10,10.9726,25.04
2001-11-11,15.228,8.22
2001-11-12,18.9842,33.23
2001-11-13,29.9066,64.74
2001-11-14,22.0479,109.18
2001-11-15,17.3126,51.46
2001-11-16,13.66,0.0
2001-11-17,18.4293,89.34
2001-11-18,32.2333,0.0
2001-11-19,24.2546,138.45
2001-11-20,19.0003,107.24
2001-11-21,20.5392,25.21
2001-11-22,17.5804,117.65
2001-11-23,24.8053,112.6
2001-11-24,9.2688,19.62
2001-11-25,6.753,0.0
2001-11-26,5.1587,0.0
2001-11-27,2.1676,16.39
2001-11-28,1.7089,0.0
2001-11-29,1.4049,0.0
2001-11-30,1.5711,0.0
2001-12-01,2.9625,139.75
2001-12-02,3.0427,68.51
2001-12-03,2.2688,42.91
2001-12-04,2.5795,111.06
2001-12-05,4.5392,2.71
2001-12-06,3.3417,0.0
2001-12-07,2.5993,0.0
2001-12-08,3.7531,7.85
2001-12-09,3.8225,101.92
2001-12-10,5.5294,64.61
2001-12-11,5.9195,2.66
2001-12-12,8.4189,0.0
2001-12-13,5.7409,3.74
2001-12-14,6.1392,0.0
2001-12-15,6.0241,0.0
2001-12-16,3.9433,0.0
2001-12-17,2.3323,0.0
2001-12-18,3.6014,54.68
2001-12-19,3.5139,21.23
2001-12-20,2.6197,29.2
2001-12-21,2.9211,0.0
2001-12-22,5.2981,113.49
2001-12-23,2.2892,0.0
2001-12-24,1.4682,77.64
2001-12-25,1.238,65.6
2001-12-26,2.7865,80.32
2001-12-27,3.615,0.0
2001-12-28,5.5762,39.56
2001-12-29,3.8202,39.9
2001-12-30,2.7338,125.79
2001-12-31,3.808,0.0
2002-01-01,4.4047,0.0
2002-01-02,6.1271,2.83
2002-01-03,6.1406,0.0
2002-01-04,7.4351,72.21
2002-01-05,8.4317,0.0
2002-01-06,12.1567,10.28
2002-01-07,17.1627,68.81
2002-01-08,8.7909,0.0
2002-01-09,3.7152,5.3
2002-01-10,6.3375,300.9
2002-01-11,11.1075,0.0
2002-01-12,7.5655,0.0
2002-01-13,3.8016,106.53
2002-01-14,4.5007,0.0
2002-01-15,7.3529,0.0
2002-01-16,16.3252,9.84
2002-01-17,20.0655,0.0
2002-01-18,16.9007,54.86
2002-01-19,11.7146,0.0
2002-01-20,12.1197,251.74
2002-01-21,11.0283,26.01
2002-01-22,7.5793,76.54
2002-01-23,18.6566,284.29
2002-01-24,38.0306,0.0
2002-01-25,55.8738,0.0
2002-01-26,34.4699,79.12
2002-01-27,45.6556,19.11
2002-01-28,54.0432,88.0
2002-01-29,58.1927,62.45
2002-01-30,86.3526,7.97
2002-01-31,96.4247,0.0
2002-02-01,111.267,0.0
2002-02-02,121.6072,23.9
2002-02-03,116.9965,4.98
2002-02-04,47.8053,0.0
2002-02-05,45.1882,15.01
2002-02-06,33.1513,31.36
2002-02-07,18.6734,2.53
2002-02-08,36.8076,55.01
2002-02-09,69.5359,16.13
2002-02-10,106.7528,0.0
2002-02-11,100.8183,52.84
2002-02-12,149.2352,0.0
2002-02-13,123.9871,76.12
2002-02-14,113.2426,0.0
2002-02-15,61.7219,50.15
2002-02-16,65.0672,55.99
2002-02-17,59.591,12.7
2002-02-18,31.6908,271.42
2002-02-19,29.6555,24.0
2002-02-20,27.6114,0.0
2002-02-21,55.3751,19.34
2002-02-22,72.3058,145.68
2002-02-23,64.4666,87.1
2002-02-24,63.971,0.0
2002-02-25,58.4964,0.0
2002-02-26,48.8127,0.0
2002-02-27,29.0128,0.0
2002-02-28,26.3823,0.0
2002-03-01,19.0242,0.0
2002-03-02,11.5281,10.01
2002-03-03,14.9322,0.0
2002-03-04,17.9993,0.0
2002-03-05,8.8309,3.88
2002-03-06,9.076,0.0
2002-03-07,14.6406,24.77
2002-03-08,23.2021,247.73
2002-03-09,34.7902,100.73
2002-03-10,33.7143,0.0
2002-03-11,22.9115,0.0
2002-03-12,14.6481,45.54
2002-03-13,17.4035,0.85
2002-03-14,20.6467,27.36
2002-03-15,34.8421,23.01
2002-03-16,51.9648,0.0
2002-03-17,45.3713,187.85
2002-03-18,25.5706,1.46
2002-03-19,22.0952,1.08
2002-03-20,24.0484,0.0
2002-03-21,21.9194,70.71
2002-03-22,17.3071,0.0
2002-03-23,19.553,8.84
2002-03-24,16.0801,30.9
2002-03-25,12.8046,0.0
2002-03-26,15.2339,6.19
2002-03-27,13.3632,0.0
2002-03-28,15.4138,12.85
2002-03-29,17.7582,0.0
2002-03-30,11.3977,0.0
2002-03-31,9.9464,0.0
2002-04-01,19.121,26.74
2002-04-02,12.0807,0.0
2002-04-03,5.408,0.0
2002-04-04,2.889,59.35
2002-04-05,3.5156,87.37
2002-04-06,4.2052,0.0
2002-04-07,4.6593,52.29
2002-04-08,8.7709,0.0
2002-04-09,3.2277,0.0
2002-04-10,4.5108,1.62
2002-04-11,9.8018,0.0
2002-04-12,6.6752,0.0
2002-04-13,6.3742,32.32
2002-04-14,5.2549,0.0
2002-04-15,4.1635,11.57
2002-04-16,4.2413,12.18
2002-04-17,8.7747,0.0
2002-04-18,20.0507,40.75
2002-04-19,17.6136,0.0
2002-04-20,38.8015,85.96
2002-04-21,37.2871,15.83
2002-04-22,72.1106,98.12
2002-04-23,62.126,0.0
2002-04-24,59.4097,0.0
2002-04-25,62.7149,0.0
2002-04-26,205.8354,0.0
2002-04-27,236.0115,0.0
2002-04-28,142.1239,0.0
2002-04-29,176.7303,87.03
2002-04-30,125.6318,0.0
2002-05-01,87.4664,0.0
2002-05-02,110.8743,0.0
2002-05-03,96.3666,166.6
2002-05-04,93.7581,126.56
2002-05-05,82.1327,0.0
2002-05-06,82.9662,46.09
2002-05-07,86.756,14.12
2002-05-08,34.6995,0.0
2002-05-09,43.3096,73.35
2002-05-10,27.1585,196.1
2002-05-11,14.7456,131.33
2002-05-12,14.8239,24.7
2002-05-13,15.774,0.0
2002-05-14,12.1769,0.0
2002-05-15,17.8409,0.0
2002-05-16,10.4637,0.0
2002-05-17,9.408,0.0
2002-05-18,7.9444,233.18
2002-05-19,8.4694,0.0
2002-05-20,10.2369,16.97
2002-05-21,7.2181,49.52
2002-05-22,10.5942,0.0
2002-05-23,11.4804,0.0
2002-05-24,5.5922,41.14
2002-05-25,2.8305,0.0
2002-05-26,3.3525,125.72
2002-05-27,3.5911,38.24
2002-05-28,4.0071,85.14
2002-05-29,4.5618,31.21
2002-05-30,5.6843,13.57
2002-05-31,9.2956,103.27
2002-06-01,6.3093,47.65
2002-06-02,4.3267,104.46
2002-06-03,3.169,0.0
2002-06-04,4.1782,0.0
2002-06-05,7.9068,0.0
2002-06-06,7.1544,48.57
2002-06-07,2.823,0.0
2002-06-08,1.6745,0.0
2002-06-09,1.4818,26.97
2002-06-10,1.4816,31.37
2002-06-11,1.5729,299.28
2002-06-12,1.9891,137.76
2002-06-13,2.1352,123.93
2002-06-14,3.9497,93.73
2002-06-15,3.4317,11.71
2002-06-16,2.7991,0.0
2002-06-17,4.0021,66.46
2002-06-18,2.4476,45.01
2002-06-19,3.4131,0.0
2002-06-20,4.1075,60.51
2002-06-21,4.3895,34.02
2002-06-22,9.4116,129.27
2002-06-23,7.6828,88.77
2002-06-24,18.9247,65.14
2002-06-25,16.9979,30.55
2002-06-26,10.0645,40.32
2002-06-27,10.7813,0.0
2002-06-28,7.2102,0.0
2002-06-29,5.7018,61.64
2002-06-30,7.3319,0.19
2002-07-01,9.8186,45.7
2002-07-02,7.9404,0.0
2002-07-03,12.5581,0.0
2002-07-04,20.3914,86.9
2002-07-05,35.4385,104.78
2002-07-06,40.5275,34.69
2002-07-07,64.1398,0.0
2002-07-08,26.1417,0.0
2002-07-09,21.7695,31.81
2002-07-10,14.7496,0.0
2002-07-11,15.431,246.36
2002-07-12,12.1465,0.0
2002-07-13,11.5092,0.0
2002-07-14,25.108,11.95
2002-07-15,22.2018,40.03
2002-07-16,25.1319,0.0
2002-07-17,21.6386,40.59
2002-07-18,21.384,0.0
2002-07-19,20.5539,66.84
2002-07-20,23.7036,0.0
2002-07-21,36.0514,56.0
2002-07-22,64.1069,55.94
2002-07-23,62.8696,30.25
2002-07-24,69.1403,91.5
2002-07-25,37.2262,104.63
2002-07-26,32.6056,0.0
2002-07-27,43.813,100.96
2002-07-28,55.5708,39.86
2002-07-29,52.88,58.32
2002-07-30,66.3977,17.42
2002-07-31,69.5234,0.0
2002-08-01,96.5701,0.0
2002-08-02,89.9533,59.0
2002-08-03,64.909,0.0
2002-08-04,63.8207,0.0
2002-08-05,16.7296,0.0
2002-08-06,18.9593,58.41
2002-08-07,4.1481,37.36
2002-08-08,2.2732,216.7
2002-08-09,3.1747,0.0
2002-08-10,4.3432,0.0
2002-08-11,2.9701,19.45
2002-08-12,2.5225,3.26
2002-08-13,5.0524,0.0
2002-08-14,4.4784,0.0
2002-08-15,12.1061,203.8
2002-08-16,12.0307,0.0
2002-08-17,14.1165,125.3
2002-08-18,26.6221,9.3
2002-08-19,25.9411,35.62
2002-08-20,16.0031,0.0
2002-08-21,14.8059,0.0
2002-08-22,14.2102,11.44
2002-08-23,7.9876,56.25
2002-08-24,7.413,10.64
2002-08-25,5.6861,62.37
2002-08-26,8.7727,23.78
2002-08-27,9.0687,170.73
2002-08-28,8.2155,39.11
2002-08-29,8.064,63.29
2002-08-30,9.0567,22.6
2002-08-31,11.7995,0.0
2002-09-01,7.7937,40.64
2002-09-02,5.2552,0.0
2002-09-03,8.7593,0.0
2002-09-04,7.5347,0.0
2002-09-05,4.3733,3.28
2002-09-06,5.6667,21.22
2002-09-07,7.2253,0.0
2002-09-08,4.0164,54.04
2002-09-09,4.8046,18.56
2002-09-10,6.9383,10.97
2002-09-11,8.3675,2.19
2002-09-12,11.0076,31.66
2002-09-13,6.1889,0.0
2002-09-14,7.4055,130.63
2002-09-15,6.7422,79.78
2002-09-16,5.7543,0.0
2002-09-17,8.6186,220.18
2002-09-18,15.9156,0.0
2002-09-19,31.5628,79.22
2002-09-20,48.4049,29.29
2002-09-21,40.0831,0.0
2002-09-22,40.7199,123.94
2002-09-23,48.8431,90.7
2002-09-24,44.3551,0.0
2002-09-25,40.7893,0.0
2002-09-26,50.041,0.0
2002-09-27,42.1319,41.06
2002-09-28,27.4687,324.5
2002-09-29,21.1545,0.0
2002-09-30,25.5108,196.59
2002-10-01,23.4208,8.05
2002-10-02,24.841,0.0
2002-10-03,29.9504,201.9
2002-10-04,23.2482,52.69
2002-10-05,29.2006,64.86
2002-10-06,30.8281,92.18
2002-10-07,16.8463,0.0
2002-10-08,28.773,0.0
2002-10-09,21.3021,11.12
2002-10-10,10.1571,47.9
2002-10-11,6.6356,11.87
2002-10-12,4.5514,36.36
2002-10-13,4.9912,6.48
2002-10-14,4.7565,0.0
2002-10-15,4.4385,39.85
2002-10-16,6.1409,13.28
2002-10-17,7.3647,0.0
2002-10-18,8.6043,46.29
2002-10-19,10.2955,0.0
2002-10-20,13.1764,68.17
2002-10-21,5.4707,183.71
2002-10-22,4.9885,0.0
2002-10-23,2.1991,58.8
2002-10-24,2.5644,70.42
2002-10-25,2.901,1.14
2002-10-26,4.9661,0.0
2002-10-27,8.5746,0.0
2002-10-28,9.4529,61.94
2002-10-29,7.7707,0.0
2002-10-30,9.6962,0.0
2002-10-31,7.8678,34.64
2002-11-01,8.0563,57.35
2002-11-02,12.2829,17.03
2002-11-03,9.644,34.73
2002-11-04,13.4517,136.57
2002-11-05,17.2838,61.72
2002-11-06,11.2092,106.86
2002-11-07,16.5237,45.12
2002-11-08,21.0346,0.0
2002-11-09,20.5761,9.0
2002-11-10,14.2166,0.0
2002-11-11,9.7731,0.0
2002-11-12,7.9228,0.0
2002-11-13,10.1448,0.0
2002-11-14,6.9249,0.0
2002-11-15,8.6094,0.03
2002-11-16,5.3171,0.0
2002-11-17,5.2267,44.16
2002-11-18,5.8455,0.0
2002-11-19,16.6711,53.55
2002-11-20,9.1893,24.42
2002-11-21,16.9688,51.02
2002-11-22,17.3488,0.0
2002-11-23,19.6866,98.63
2002-11-24,19.6219,36.4
2002-11-25,22.3384,80.36
2002-11-26,19.7313,200.45
2002-11-27,33.8219,0.0
2002-11-28,25.4669,0.0
2002-11-29,37.471,113.5
2002-11-30,25.9286,31.65
2002-12-01,23.5213,16.76
2002-12-02,14.298,51.85
2002-12-03,16.8925,0.0
2002-12-04,29.3677,0.0
2002-12-05,26.2117,128.33
2002-12-06,22.5343,0.0
2002-12-07,13.5521,71.44
2002-12-08,12.2275,0.0
2002-12-09,6.4144,173.7
2002-12-10,4.7038,0.0
2002-12-11,5.6335,183.92
2002-12-12,10.3348,0.0
2002-12-13,32.8162,42.87
2002-12-14,23.7077,98.53
2002-12-15,40.0414,43.41
2002-12-16,39.8071,0.13
2002-12-17,33.7612,361.2
2002-12-18,36.8446,0.0
2002-12-19,34.3487,0.0
2002-12-20,32.8867,58.38
2002-12-21,25.6373,0.0
2002-12-22,13.7018,0.0
2002-12-23,7.3156,42.1
2002-12-24,10.0773,5.85
2002-12-25,9.2555,19.21
2002-12-26,7.5321,20.76
2002-12-27,7.9843,0.0
2002-12-28,11.5835,0.0
2002-12-29,12.6713,0.0
2002-12-30,9.8033,79.23
2002-12-31,16.6532,0.0
2003-01-01,31.1608,0.0
2003-01-02,35.4543,136.6
2003-01-03,48.4333,0.0
2003-01-04,71.7275,4.87
2003-01-05,97.9975,65.27
2003-01-06,105.645,6.16
2003-01-07,112.4592,26.3
2003-01-08,115.368,0.0
2003-01-09,61.3762,335.14
2003-01-10,71.7036,64.28
2003-01-11,35.9273,45.2
2003-01-12,24.0855,141.26
2003-01-13,39.2022,78.41
2003-01-14,50.6142,18.81
2003-01-15,83.0206,0.0
2003-01-16,63.8675,53.36
2003-01-17,35.2507,0.0
2003-01-18,29.7388,55.1
2003-01-19,29.2913,0.0
2003-01-20,28.6394,0.0
2003-01-21,43.0392,55.76
2003-01-22,34.0311,26.28
2003-01-23,36.7237,0.0
2003-01-24,22.8784,69.63
2003-01-25,26.6732,0.0
2003-01-26,25.5986,36.46
2003-01-27,18.1888,161.16
2003-01-28,16.4297,20.27
2003-01-29,15.305,0.0
2003-01-30,13.8668,71.85
2003-01-31,28.9991,0.0
2003-02-01,26.5964,0.0
2003-02-02,23.1929,68.52
2003-02-03,9.6722,30.02
2003-02-04,7.1177,13.4
2003-02-05,6.9596,5.83
2003-02-06,5.749,0.0
2003-02-07,11.1713,65.61
2003-02-08,10.9242,35.05
2003-02-09,19.2947,0.0
2003-02-10,19.6934,0.0
2003-02-11,19.8748,40.74
2003-02-12,19.0533,0.0
2003-02-13,19.0465,32.26
2003-02-14,38.1552,0.0
2003-02-15,13.9809,8.9
2003-02-16,6.3909,39.23
2003-02-17,5.668,0.98
2003-02-18,6.3733,0.0
2003-02-19,9.3254,0.0
2003-02-20,12.0744,29.56
2003-02-21,10.7939,0.0
2003-02-22,17.2177,0.0
2003-02-23,26.4457,46.87
2003-02-24,27.7349,0.0
2003-02-25,39.7135,152.45
2003-02-26,41.6276,0.0
2003-02-27,31.0027,8.86
2003-02-28,39.5188,58.05
2003-03-01,38.8539,28.05
2003-03-02,36.6164,104.97
2003-03-03,62.9918,0.0
2003-03-04,21.0515,17.24
2003-03-05,11.8228,33.85
2003-03-06,7.6876,80.38
2003-03-07,7.2612,0.0
2003-03-08,7.2068,0.0
2003-03-09,4.3107,26.46
2003-03-10,3.3401,101.89
2003-03-11,2.7867,4.29
2003-03-12,9.066,0.0
2003-03-13,20.3071,0.0
2003-03-14,17.242,0.0
2003-03-15,15.1568,0.0
2003-03-16,9.8098,18.16
2003-03-17,4.8596,0.0
2003-03-18,5.3043,1.56
2003-03-19,4.0207,84.11
2003-03-20,4.5254,33.27
2003-03-21,2.728,56.07
2003-03-22,2.4192,0.0
2003-03-23,3.137,5.75
2003-03-24,4.3388,0.0
2003-03-25,5.9485,0.0
2003-03-26,3.9198,0.0
2003-03-27,6.4767,0.0
2003-03-28,5.2293,54.36
2003-03-29,7.694,20.36
2003-03-30,8.4209,67.88
2003-03-31,5.2575,22.38
2003-04-01,5.2655,0.0
2003-04-02,6.9493,30.86
2003-04-03,9.8854,33.16
2003-04-04,10.0332,359.6
2003-04-05,20.0236,127.1
2003-04-06,30.337,0.0
2003-04-07,26.5172,1.2
2003-04-08,35.2793,0.0
2003-04-09,73.8525,0.0
2003-04-10,146.0616,0.0
2003-04-11,74.5994,26.31
2003-04-12,45.7763,0.0
2003-04-13,78.0009,139.75
2003-04-14,45.1856,55.35
2003-04-15,24.7216,0.0
2003-04-16,20.0536,0.0
2003-04-17,23.9341,82.47
2003-04-18,22.7423,0.0
2003-04-19,17.3861,15.84
2003-04-20,13.4904,0.0
2003-04-21,10.5478,0.0
2003-04-22,7.8813,5.97
2003-04-23,21.7567,0.0
2003-04-24,24.4991,0.0
2003-04-25,34.6385,0.0
2003-04-26,27.1712,0.0
2003-04-27,24.6342,0.0
2003-04-28,18.1955,18.84
2003-04-29,6.301,0.0
2003-04-30,4.0266,204.4
2003-05-01,2.2493,0.0
2003-05-02,1.109,52.79
2003-05-03,0.8939,34.78
2003-05-04,2.039,0.0
2003-05-05,2.4762,64.07
2003-05-06,5.0713,72.85
2003-05-07,6.8096,0.0
2003-05-08,10.3427,73.25
2003-05-09,7.6432,26.48
2003-05-10,10.3377,317.47
2003-05-11,14.7722,16.16
2003-05-12,12.0369,134.13
2003-05-13,15.8279,35.5
2003-05-14,20.3451,55.78
2003-05-15,16.2592,63.31
2003-05-16,10.5112,11.39
2003-05-17,6.8957,0.0
2003-05-18,7.8629,0.0
2003-05-19,9.7611,21.08
2003-05-20,7.546,68.82
2003-05-21,8.3187,0.0
2003-05-22,11.3245,0.0
2003-05-23,15.2726,109.25
2003-05-24,29.2392,56.65
2003-05-25,47.1691,156.31
2003-05-26,28.9333,0.0
2003-05-27,55.0334,0.0
2003-05-28,40.2307,0.0
2003-05-29,57.2692,38.37
2003-05-30,53.1136,29.98
2003-05-31,40.8143,112.81
2003-06-01,18.247,2.73
2003-06-02,17.027,108.55
2003-06-03,9.1095,0.0
2003-06-04,14.3523,18.89
2003-06-05,27.0839,0.0
2003-06-06,18.8823,62.23
2003-06-07,21.2224,1.07
2003-06-08,15.5576,0.0
2003-06-09,12.1966,0.0
2003-06-10,17.2485,25.33
2003-06-11,16.9917,0.0
2003-06-12,34.4238,184.37
2003-06-13,26.5675,77.06
2003-06-14,38.2381,21.51
2003-06-15,36.9211,12.77
2003-06-16,47.4282,0.0
2003-06-17,35.9718,32.93
2003-06-18,32.8518,0.0
2003-06-19,29.4378,0.0
2003-06-20,19.8889,15.31
2003-06-21,25.5364,138.76
2003-06-22,31.874,66.77
2003-06-23,38.0777,0.0
2003-06-24,65.5423,0.0
2003-06-25,103.542,0.0
2003-06-26,74.8831,65.52
2003-06-27,75.4807,147.37
2003-06-28,50.7453,64.12
2003-06-29,45.948,324.77
2003-06-30,32.5997,0.0
2003-07-01,58.6133,28.56
2003-07-02,60.0071,60.9
2003-07-03,48.404,17.41
2003-07-04,70.4919,50.44
2003-07-05,25.3759,0.0
2003-07-06,10.6798,36.36
2003-07-07,15.174,0.0
2003-07-08,15.4901,0.0
2003-07-09,17.0349,0.0
2003-07-10,9.7997,0.0
2003-07-11,10.0464,0.0
2003-07-12,23.3378,0.0
2003-07-13,31.1104,12.69
2003-07-14,30.9696,20.23
2003-07-15,24.0878,0.0
2003-07-16,19.5076,28.52
2003-07-17,7.9727,45.81
2003-07-18,9.2927,0.0
2003-07-19,13.5434,77.82
2003-07-20,7.1485,26.9
2003-07-21,5.7894,0.0
2003-07-22,3.9077,16.54
2003-07-23,2.9537,0.0
2003-07-24,3.4584,127.38
2003-07-25,1.6781,0.0
2003-07-26,2.5937,0.0
2003-07-27,4.0741,178.93
2003-07-28,4.0848,39.07
2003-07-29,1.6587,38.95
2003-07-30,1.3336,3.99
2003-07-31,2.6967,20.5
2003-08-01,1.0067,0.0
2003-08-02,1.1,18.4
2003-08-03,0.8505,0.0
2003-08-04,1.5033,53.94
2003-08-05,1.3844,0.0
2003-08-06,1.9876,8.81
2003-08-07,2.9458,25.85
2003-08-08,7.0426,0.0
2003-08-09,6.8031,82.86
2003-08-10,8.3307,0.0
2003-08-11,4.7099,72.4
2003-08-12,8.287,22.94
2003-08-13,6.2798,9.18
2003-08-14,5.2898,0.0
2003-08-15,5.6267,24.95
2003-08-16,3.1872,45.8
2003-08-17,3.9274,49.73
2003-08-18,6.4007,6.22
2003-08-19,7.5874,29.89
2003-08-20,4.1303,0.0
2003-08-21,4.3009,119.92
2003-08-22,6.3334,0.0
2003-08-23,3.1138,186.52
2003-08-24,2.2607,191.14
2003-08-25,3.7239,5.54
2003-08-26,4.5819,169.48
2003-08-27,5.8567,102.39
2003-08-28,13.1505,67.07
2003-08-29,15.6049,42.5
2003-08-30,19.6752,0.0
2003-08-31,55.7578,17.75
2003-09-01,43.9253,57.45
2003-09-02,27.9069,8.08
2003-09-03,30.3517,4.06
2003-09-04,32.8959,0.0
2003-09-05,23.9273,161.95
2003-09-06,14.5952,0.0
2003-09-07,36.0527,17.99
2003-09-08,36.7107,149.79
2003-09-09,24.2943,0.0
2003-09-10,32.5403,11.51
2003-09-11,28.0092,0.0
2003-09-12,23.0538,19.32
2003-09-13,26.8658,0.0
2003-09-14,14.5656,13.36
2003-09-15,16.2537,34.96
2003-09-16,33.7743,0.0
2003-09-17,36.5241,125.19
2003-09-18,27.874,151.51
2003-09-19,20.6755,0.0
2003-09-20,16.388,0.0
2003-09-21,14.134,0.0
2003-09-22,11.7499,0.0
2003-09-23,16.777,0.0
2003-09-24,7.9274,0.0
2003-09-25,11.4758,0.0
2003-09-26,9.7112,43.05
2003-09-27,11.3356,71.35
2003-09-28,7.0939,0.0
2003-09-29,12.5274,0.0
2003-09-30,20.3051,6.56
2003-10-01,28.0424,5.98
2003-10-02,13.8019,106.91
2003-10-03,18.7284,33.52
2003-10-04,20.811,0.0
2003-10-05,10.1463,91.26
2003-10-06,10.022,0.0
2003-10-07,11.6008,0.0
2003-10-08,14.3188,0.0
2003-10-09,14.8709,34.78
2003-10-10,16.1186,0.0
2003-10-11,27.9971,0.0
2003-10-12,41.8249,0.0
2003-10-13,11.4778,49.72
2003-10-14,9.9582,62.58
2003-10-15,9.3123,0.0
2003-10-16,4.6069,39.4
2003-10-17,5.1349,32.42
2003-10-18,9.0467,0.0
2003-10-19,5.8778,0.0
2003-10-20,7.0702,32.19
2003-10-21,5.0363,9.45
2003-10-22,4.0855,77.92
2003-10-23,8.069,0.0
2003-10-24,6.6089,0.0
2003-10-25,8.283,10.63
2003-10-26,3.9529,15.07
2003-10-27,9.1591,35.02
2003-10-28,11.8011,35.4
2003-10-29,10.8121,0.0
2003-10-30,13.5776,30.84
2003-10-31,7.4743,112.16
2003-11-01,12.4206,22.88
2003-11-02,10.7067,134.39
2003-11-03,9.8239,0.0
2003-11-04,8.0886,0.0
2003-11-05,6.5412,0.0
2003-11-06,9.0436,57.19
2003-11-07,10.1651,0.0
2003-11-08,13.2742,52.44
2003-11-09,12.9496,0.0
2003-11-10,15.6479,0.0
2003-11-11,12.745,61.09
2003-11-12,30.9328,0.0
2003-11-13,14.8736,15.13
2003-11-14,24.0587,0.0
2003-11-15,38.9047,59.24
2003-11-16,24.5073,106.15
2003-11-17,56.1245,72.72
2003-11-18,72.3167,6.17
2003-11-19,90.1883,30.65
2003-11-20,75.2623,1.75
2003-11-21,57.842,0.0
2003-11-22,45.7023,28.78
2003-11-23,47.0672,10.0
2003-11-24,72.8285,0.0
2003-11-25,66.0943,0.0
2003-11-26,38.893,39.64
2003-11-27,48.5508,2.08
2003-11-28,61.792,0.0
2003-11-29,69.0911,0.0
2003-11-30,79.3725,175.63
2003-12-01,59.6809,0.0
2003-12-02,35.302,25.23
2003-12-03,22.4671,92.83
2003-12-04,10.9274,0.0
2003-12-05,12.1259,0.0
2003-12-06,11.7125,0.0
2003-12-07,9.8283,16.01
2003-12-08,3.027,81.84
2003-12-09,2.0753,27.64
2003-12-10,3.8455,61.72
2003-12-11,3.2695,176.53
2003-12-12,4.2761,70.15
2003-12-13,2.6862,9.18
2003-12-14,5.5417,0.0
2003-12-15,5.6392,144.4
2003-12-16,6.8345,85.17
2003-12-17,18.5734,0.0
2003-12-18,33.208,126.28
2003-12-19,26.9211,0.0
2003-12-20,19.8207,146.45
2003-12-21,16.7361,19.52
2003-12-22,20.1431,0.0
2003-12-23,18.5908,0.0
2003-12-24,15.3781,0.0
2003-12-25,27.5366,0.0
2003-12-26,24.6528,25.7
2003-12-27,59.3021,0.0
2003-12-28,53.8423,0.0
2003-12-29,98.0297,0.0
2003-12-30,94.8119,92.43
2003-12-31,117.6235,3.71
2004-01-01,72.391,0.0
2004-01-02,44.1653,24.39
2004-01-03,48.0198,27.84
2004-01-04,64.2286,129.66
2004-01-05,57.009,183.39
2004-01-06,29.9094,10.23
2004-01-07,16.1652,44.3
2004-01-08,9.0014,84.49
2004-01-09,4.6098,26.91
2004-01-10,5.3716,0.0
2004-01-11,9.3185,48.92
2004-01-12,9.6987,16.76
2004-01-13,4.0505,93.64
2004-01-14,4.2396,91.43
2004-01-15,4.4721,0.0
2004-01-16,11.7263,0.0
2004-01-17,6.6799,36.23
2004-01-18,6.1745,27.7
2004-01-19,13.4461,19.87
2004-01-20,16.4066,4.79
2004-01-21,20.5935,52.2
2004-01-22,21.1221,133.85
2004-01-23,23.598,8.36
2004-01-24,31.3047,0.0
2004-01-25,21.2911,33.96
2004-01-26,29.7303,137.31
2004-01-27,16.189,108.31
2004-01-28,18.5746,83.46
2004-01-29,19.819,1.03
2004-01-30,15.243,72.35
2004-01-31,15.2809,22.8
2004-02-01,12.0187,92.25
2004-02-02,8.0601,0.0
2004-02-03,7.5033,0.0
2004-02-04,5.191,16.22
2004-02-05,6.6237,0.21
2004-02-06,4.5542,0.0
2004-02-07,6.8925,0.0
2004-02-08,4.6671,45.16
2004-02-09,4.2038,21.93
2004-02-10,3.7356,56.67
2004-02-11,7.3951,0.0
2004-02-12,9.1963,21.01
2004-02-13,9.0052,96.31
2004-02-14,11.7866,44.45
2004-02-15,5.241,18.83
2004-02-16,5.7932,81.29
2004-02-17,14.5075,0.0
2004-02-18,15.7002,153.32
2004-02-19,16.4414,146.64
2004-02-20,20.8354,245.06
2004-02-21,29.7551,0.0
2004-02-22,12.7484,75.9
2004-02-23,6.7089,61.01
2004-02-24,8.062,5.05
2004-02-25,6.552,0.0
2004-02-26,12.3381,0.0
2004-02-27,11.3479,0.0
2004-02-28,5.4604,0.0
2004-02-29,3.6814,16.29
2004-03-01,1.4125,23.36
2004-03-02,1.6394,49.6
2004-03-03,1.9127,0.0
2004-03-04,2.0003,0.0
2004-03-05,3.8313,111.17
2004-03-06,7.2603,0.0
2004-03-07,7.456,39.18
2004-03-08,3.4484,18.49
2004-03-09,5.2186,32.12
2004-03-10,7.4176,0.0
2004-03-11,9.2438,0.0
2004-03-12,14.8261,2.34
2004-03-13,9.55,0.0
2004-03-14,23.1629,0.0
2004-03-15,15.573,0.0
2004-03-16,21.6959,0.0
2004-03-17,10.9321,19.59
2004-03-18,7.9713,0.0
2004-03-19,16.1193,0.0
2004-03-20,14.8813,0.0
2004-03-21,21.6182,2.76
2004-03-22,23.7776,0.0
2004-03-23,22.5763,0.0
2004-03-24,39.0503,46.96
2004-03-25,33.6006,0.0
2004-03-26,15.6852,168.76
2004-03-27,11.6654,35.09
2004-03-28,15.4297,90.36
2004-03-29,18.6791,0.0
2004-03-30,10.0364,0.0
2004-03-31,8.0306,75.01
2004-04-01,6.9485,0.0
2004-04-02,6.6503,62.3
2004-04-03,4.2444,115.72
2004-04-04,3.8206,0.0
2004-04-05,3.3343,0.0
2004-04-06,5.4096,0.0
2004-04-07,8.5252,0.0
2004-04-08,8.7536,0.0
2004-04-09,8.1151,54.39
2004-04-10,9.3965,62.79
2004-04-11,7.2869,26.78
2004-04-12,5.0594,0.0
2004-04-13,3.9489,0.0
2004-04-14,3.5676,0.0
2004-04-15,2.6259,87.45
2004-04-16,3.4,13.74
2004-04-17,5.4102,0.0
2004-04-18,3.2278,0.0
2004-04-19,3.8785,80.49
2004-04-20,4.149,247.58
2004-04-21,5.5365,19.42
2004-04-22,6.2323,87.25
2004-04-23,3.8714,90.72
2004-04-24,2.7137,4.81
2004-04-25,3.3152,0.0
2004-04-26,5.9594,72.14
2004-04-27,2.7294,46.17
2004-04-28,3.7857,40.79
2004-04-29,7.1707,0.0
2004-04-30,7.4356,134.22
2004-05-01,10.2145,24.82
2004-05-02,8.2023,248.0
2004-05-03,8.5098,0.0
2004-05-04,4.7885,0.0
2004-05-05,2.1181,45.84
2004-05-06,3.8211,5.15
2004-05-07,2.9905,6.14
2004-05-08,2.9651,0.0
2004-05-09,2.0173,0.0
2004-05-10,1.4078,110.99
2004-05-11,1.6745,93.49
2004-05-12,1.5646,0.0
2004-05-13,2.303,0.0
2004-05-14,3.3712,77.41
2004-05-15,4.5163,5.87
2004-05-16,5.6956,64.99
2004-05-17,12.0907,0.0
2004-05-18,8.2028,0.0
2004-05-19,8.6862,0.0
2004-05-20,14.796,0.0
2004-05-21,25.3103,355.73
2004-05-22,13.8805,92.39
2004-05-23,12.599,18.49
2004-05-24,22.686,0.0
2004-05-25,27.421,0.0
2004-05-26,28.6846,96.3
2004-05-27,25.2686,4.59
2004-05-28,21.0437,0.0
2004-05-29,23.3846,0.0
2004-05-30,20.6652,0.0
2004-05-31,20.0978,23.53
2004-06-01,20.5711,0.0
2004-06-02,15.4569,0.0
2004-06-03,19.4532,0.0
2004-06-04,62.8796,0.0
2004-06-05,27.2891,0.0
2004-06-06,29.9207,0.0
2004-06-07,20.958,0.0
2004-06-08,26.0567,153.5
2004-06-09,25.599,99.64
2004-06-10,33.6363,0.0
2004-06-11,50.9402,0.0
2004-06-12,49.8482,96.7
2004-06-13,71.4716,67.98
2004-06-14,24.2416,0.0
2004-06-15,44.6503,0.0
2004-06-16,47.5091,0.0
2004-06-17,66.7772,130.54
2004-06-18,35.8531,0.0
2004-06-19,23.8411,0.0
2004-06-20,24.4278,22.11
2004-06-21,23.3641,177.82
2004-06-22,25.3228,0.0
2004-06-23,37.6692,99.96
2004-06-24,17.0274,0.0
2004-06-25,25.084,0.0
2004-06-26,24.1072,0.0
2004-06-27,21.3259,5.69
2004-06-28,11.4117,0.0
2004-06-29,14.3757,107.96
2004-06-30,5.4367,0.0
2004-07-01,7.7644,53.85
2004-07-02,4.5075,0.0
2004-07-03,5.1401,0.0
2004-07-04,5.397,52.7
2004-07-05,9.502,109.66
2004-07-06,9.1956,0.0
2004-07-07,7.2394,28.62
2004-07-08,6.2813,5.1
2004-07-09,11.3443,208.57
2004-07-10,14.3941,0.0
2004-07-11,12.294,0.0
2004-07-12,11.3095,208.56
2004-07-13,6.1118,0.0
2004-07-14,7.7104,96.11
2004-07-15,3.9866,99.36
2004-07-16,6.0516,104.08
2004-07-17,6.8654,317.09
2004-07-18,19.2056,5.8
2004-07-19,11.9034,0.0
2004-07-20,11.5375,3.32
2004-07-21,24.2055,0.0
2004-07-22,37.09,20.5
2004-07-23,25.4304,58.15
2004-07-24,26.1848,92.57
2004-07-25,24.5631,0.0
2004-07-26,25.9446,0.0
2004-07-27,18.3186,47.36
2004-07-28,17.0805,72.01
2004-07-29,8.6947,38.5
2004-07-30,9.4943,0.0
2004-07-31,11.6766,41.38
2004-08-01,10.7039,0.0
2004-08-02,5.6351,29.59
2004-08-03,9.0257,59.99
2004-08-04,10.7485,0.0
2004-08-05,8.0948,8.58
2004-08-06,7.4895,5.43
2004-08-07,4.2554,0.0
2004-08-08,3.0851,44.66
2004-08-09,2.8049,28.15
2004-08-10,5.2578,28.42
2004-08-11,4.3645,149.2
2004-08-12,6.1851,0.0
2004-08-13,5.2649,355.57
2004-08-14,6.2506,0.0
2004-08-15,6.2365,0.0
2004-08-16,9.3818,0.0
2004-08-17,7.6835,0.0
2004-08-18,4.2075,0.0
2004-08-19,2.6288,0.0
2004-08-20,2.4183,61.86
2004-08-21,1.6758,11.18
2004-08-22,2.3507,0.0
2004-08-23,2.2411,98.65
2004-08-24,6.7774,0.0
2004-08-25,3.5007,52.74
2004-08-26,4.215,0.0
2004-08-27,2.9085,91.5
2004-08-28,2.6837,0.0
2004-08-29,3.2248,64.74
2004-08-30,1.4025,7.53
2004-08-31,1.8575,0.0
2004-09-01,4.7064,0.0
2004-09-02,4.2158,0.0
2004-09-03,5.0906,0.0
2004-09-04,8.2338,68.3
2004-09-05,7.8717,0.0
2004-09-06,6.3803,66.58
2004-09-07,2.6529,233.37
2004-09-08,3.894,154.19
2004-09-09,4.0649,280.03
2004-09-10,2.9353,0.0
2004-09-11,3.4632,0.0
2004-09-12,3.0178,183.71
2004-09-13,2.7227,0.0
2004-09-14,3.9254,7.87
2004-09-15,2.4892,4.25
2004-09-16,4.3242,0.0
2004-09-17,2.6524,134.56
2004-09-18,2.2909,98.02
2004-09-19,5.7137,0.0
2004-09-20,9.4952,6.23
2004-09-21,9.9244,9.18
2004-09-22,6.7839,0.0
2004-09-23,5.6709,81.42
2004-09-24,6.15,0.0
2004-09-25,6.5244,0.0
2004-09-26,6.5347,38.3
2004-09-27,6.7046,87.62
2004-09-28,6.3705,27.61
2004-09-29,3.6986,0.0
2004-09-30,3.283,18.53
2004-10-01,5.2597,0.0
2004-10-02,3.2013,210.68
2004-10-03,3.2867,0.0
2004-10-04,2.6079,25.54
2004-10-05,3.0816,154.34
2004-10-06,2.9288,24.93
2004-10-07,5.9549,0.0
2004-10-08,7.6577,0.0
2004-10-09,4.6077,0.21
2004-10-10,6.4848,0.85
2004-10-11,4.9251,45.38
2004-10-12,4.1559,77.52
2004-10-13,5.1097,0.0
2004-10-14,4.4489,0.0
2004-10-15,6.8739,0.0
2004-10-16,5.1955,6.74
2004-10-17,4.2913,30.64
2004-10-18,3.5532,0.0
2004-10-19,3.1058,35.97
2004-10-20,5.3948,0.0
2004-10-21,7.3649,35.37
2004-10-22,15.144,100.81
2004-10-23,36.5461,0.0
2004-10-24,21.3962,31.56
2004-10-25,20.5534,0.0
2004-10-26,11.9629,56.74
2004-10-27,8.6002,52.03
2004-10-28,6.7661,31.3
2004-10-29,4.5781,8.62
2004-10-30,3.2181,22.31
2004-10-31,3.375,0.23
2004-11-01,2.2831,0.0
2004-11-02,3.6863,0.0
2004-11-03,2.7937,37.44
2004-11-04,9.8298,73.67
2004-11-05,8.231,61.82
2004-11-06,8.6621,0.0
2004-11-07,5.2165,0.0
2004-11-08,11.1018,134.97
2004-11-09,17.3924,53.05
2004-11-10,18.7476,18.7
2004-11-11,10.3176,16.94
2004-11-12,11.2735,84.04
2004-11-13,7.1264,0.0
2004-11-14,13.3833,7.58
2004-11-15,18.2177,6.81
2004-11-16,18.0632,205.48
2004-11-17,6.4308,0.0
2004-11-18,4.5346,43.39
2004-11-19,6.4988,41.0
2004-11-20,11.1529,65.28
2004-11-21,17.4755,0.0
2004-11-22,8.8041,149.44
2004-11-23,10.1732,0.0
2004-11-24,15.4979,116.26
2004-11-25,7.6955,42.98
2004-11-26,7.9531,0.0
2004-11-27,9.1897,0.0
2004-11-28,8.3073,85.39
2004-11-29,4.0454,0.0
2004-11-30,3.9063,43.54
2004-12-01,3.7837,145.27
2004-12-02,3.9543,0.0
2004-12-03,3.4805,0.0
2004-12-04,3.2561,72.04
2004-12-05,3.6106,0.0
2004-12-06,4.8238,59.56
2004-12-07,4.6404,62.31
2004-12-08,4.2953,0.0
2004-12-09,4.9095,8.63
2004-12-10,2.4541,0.0
2004-12-11,3.4541,0.0
2004-12-12,3.8853,0.0
2004-12-13,4.3972,149.47
2004-12-14,7.1495,0.0
2004-12-15,3.4183,0.0
2004-12-16,1.7347,0.0
2004-12-17,2.3293,195.09
2004-12-18,2.7185,12.96
2004-12-19,3.3632,3.35
2004-12-20,3.1605,35.0
2004-12-21,4.7166,31.28
2004-12-22,7.5692,0.0
2004-12-23,9.7055,0.0
2004-12-24,9.0024,59.48
2004-12-25,3.9819,13.6
2004-12-26,6.0891,0.0
2004-12-27,10.7646,25.61
2004-12-28,14.3068,0.0
2004-12-29,9.9987,45.1
2004-12-30,13.5549,6.59
2004-12-31,19.2875,13.06
2005-01-01,35.1094,0.0
2005-01-02,22.68,90.26
2005-01-03,19.8505,0.0
2005-01-04,26.1061,7.54
2005-01-05,25.3366,197.95
2005-01-06,15.3313,0.0
2005-01-07,18.0762,70.5
2005-01-08,22.45,128.06
2005-01-09,22.4218,12.35
2005-01-10,23.6371,0.0
2005-01-11,20.4436,26.2
2005-01-12,36.232,107.62
2005-01-13,23.2644,0.0
2005-01-14,17.672,0.0
2005-01-15,17.5515,0.0
2005-01-16,24.8058,0.0
2005-01-17,12.9812,0.0
2005-01-18,7.78,38.59
2005-01-19,3.6416,259.97
2005-01-20,4.2289,0.0
2005-01-21,3.041,0.0
2005-01-22,3.0355,0.0
2005-01-23,4.6319,0.0
2005-01-24,4.0139,85.52
2005-01-25,5.0217,288.8
2005-01-26,4.9676,0.0
2005-01-27,7.2947,17.8
2005-01-28,9.5543,0.0
2005-01-29,7.6143,0.0
2005-01-30,7.6625,175.7
2005-01-31,12.5998,0.0
2005-02-01,15.2209,0.0
2005-02-02,8.7564,0.0
2005-02-03,12.1749,9.97
2005-02-04,8.1216,0.0
2005-02-05,15.4662,115.58
2005-02-06,23.7376,55.48
2005-02-07,26.0345,1.73
2005-02-08,26.8462,0.0
2005-02-09,23.812,0.0
2005-02-10,30.6067,0.98
2005-02-11,25.1484,0.0
2005-02-12,26.908,80.52
2005-02-13,37.0437,0.0
2005-02-14,27.7243,15.28
2005-02-15,20.8527,0.0
2005-02-16,12.7435,13.13
2005-02-17,8.5908,0.0
2005-02-18,4.4083,184.29
2005-02-19,6.7797,0.0
2005-02-20,15.5256,0.0
2005-02-21,28.2279,9.83
2005-02-22,14.1251,35.21
2005-02-23,19.5224,0.0
2005-02-24,34.7567,0.0
2005-02-25,27.4345,22.67
2005-02-26,27.754,105.62
2005-02-27,11.9407,132.58
2005-02-28,13.9483,0.0
2005-03-01,9.3756,0.0
2005-03-02,10.9048,36.94
2005-03-03,6.1327,0.0
2005-03-04,8.5273,0.0
2005-03-05,13.9875,0.0
2005-03-06,10.5481,87.31
2005-03-07,7.0751,13.39
2005-03-08,3.2587,153.69
2005-03-09,3.4647,3.48
2005-03-10,3.2251,116.69
2005-03-11,2.0411,49.72
2005-03-12,3.0338,54.31
2005-03-13,3.0175,0.0
2005-03-14,2.3311,101.75
2005-03-15,2.2777,0.0
2005-03-16,4.3097,18.44
2005-03-17,6.3646,0.0
2005-03-18,6.7416,64.92
2005-03-19,9.6234,0.0
2005-03-20,6.4674,0.0
2005-03-21,7.3098,47.25
2005-03-22,8.5606,0.0
2005-03-23,7.6973,60.5
2005-03-24,10.0856,0.0
2005-03-25,7.8798,32.59
2005-03-26,10.6205,6.91
2005-03-27,14.1697,142.09
2005-03-28,4.5182,0.0
2005-03-29,8.4438,55.28
2005-03-30,2.6782,0.0
2005-03-31,2.5266,29.76
2005-04-01,4.6589,81.12
2005-04-02,4.716,14.54
2005-04-03,2.9944,0.0
2005-04-04,2.3048,0.0
2005-04-05,4.2892,188.47
2005-04-06,2.2847,0.0
2005-04-07,4.4349,6.74
2005-04-08,5.0153,53.28
2005-04-09,3.5381,195.35
2005-04-10,3.2981,197.13
2005-04-11,2.5952,18.75
2005-04-12,4.4759,0.0
2005-04-13,6.9562,3.92
2005-04-14,3.8466,0.0
2005-04-15,3.8255,0.0
2005-04-16,3.1597,0.0
2005-04-17,6.3608,0.0
2005-04-18,4.1164,0.0
2005-04-19,9.1712,34.9
2005-04-20,9.7814,13.28
2005-04-21,6.5649,39.03
2005-04-22,5.5601,0.0
2005-04-23,4.5457,14.84
2005-04-24,3.1249,0.0
2005-04-25,3.8706,0.0
2005-04-26,2.7508,2.19
2005-04-27,1.3711,0.0
2005-04-28,1.5101,18.99
2005-04-29,0.9261,204.13
2005-04-30,0.9088,0.0
2005-05-01,0.8382,8.51
2005-05-02,0.7906,21.23
2005-05-03,2.3987,34.66
2005-05-04,2.9905,83.05
2005-05-05,3.9433,0.0
2005-05-06,2.2348,0.0
2005-05-07,2.1012,119.04
2005-05-08,2.8244,54.71
2005-05-09,2.2356,193.48
2005-05-10,3.9534,0.0
2005-05-11,2.8213,0.0
2005-05-12,3.0086,14.91
2005-05-13,2.824,130.93
2005-05-14,3.6116,0.0
2005-05-15,3.2587,0.0
2005-05-16,3.446,39.51
2005-05-17,3.6754,0.0
2005-05-18,3.1836,86.42
2005-05-19,4.5769,8.1
2005-05-20,5.7574,0.0
2005-05-21,6.2094,52.21
2005-05-22,5.7884,68.44
2005-05-23,8.9227,0.0
2005-05-24,8.6985,0.0
2005-05-25,8.2556,97.6
2005-05-26,9.2958,0.0
2005-05-27,19.7206,0.0
2005-05-28,11.4094,0.0
2005-05-29,16.3053,0.0
2005-05-30,7.666,0.0
2005-05-31,9.0742,345.92
2005-06-01,18.3219,170.6
2005-06-02,22.3299,0.0
2005-06-03,23.4842,0.0
2005-06-04,18.2743,40.57
2005-06-05,18.4794,26.25
2005-06-06,16.6365,0.0
2005-06-07,12.1749,31.91
2005-06-08,11.2022,232.63
2005-06-09,12.6501,0.0
2005-06-10,9.5493,0.0
2005-06-11,7.2762,0.0
2005-06-12,4.539,0.0
2005-06-13,6.005,15.21
2005-06-14,8.2394,0.0
2005-06-15,9.6667,263.61
2005-06-16,15.0346,87.08
2005-06-17,15.7319,0.0
2005-06-18,18.5317,0.0
2005-06-19,20.7383,0.0
2005-06-20,19.5595,29.22
2005-06-21,15.5146,0.0
2005-06-22,38.1865,0.0
2005-06-23,29.3805,0.0
2005-06-24,21.2194,0.0
2005-06-25,24.6347,139.68
2005-06-26,26.1894,0.0
2005-06-27,14.145,0.0
2005-06-28,22.484,0.0
2005-06-29,20.913,0.0
2005-06-30,12.9636,0.0
2005-07-01,21.2956,24.54
2005-07-02,26.5957,83.47
2005-07-03,15.1267,0.0
2005-07-04,31.0363,0.0
2005-07-05,37.883,0.0
2005-07-06,34.606,36.71
2005-07-07,60.9113,47.73
2005-07-08,56.9913,0.0
2005-07-09,49.6974,0.0
2005-07-10,33.9488,91.14
2005-07-11,39.6903,0.0
2005-07-12,43.8081,68.77
2005-07-13,39.7174,1.33
2005-07-14,26.2117,31.69
2005-07-15,26.0657,43.58
2005-07-16,23.9038,13.3
2005-07-17,13.2361,0.0
2005-07-18,7.3104,0.0
2005-07-19,9.722,0.0
2005-07-20,3.4905,68.64
2005-07-21,4.2882,36.32
2005-07-22,3.9173,83.62
2005-07-23,7.4346,0.0
2005-07-24,6.4104,0.39
2005-07-25,8.932,0.0
2005-07-26,7.866,0.0
2005-07-27,8.6135,0.0
2005-07-28,12.0322,188.78
2005-07-29,10.0232,20.63
2005-07-30,15.3227,33.7
2005-07-31,10.0569,35.9
2005-08-01,11.5529,0.0
2005-08-02,16.8903,20.1
2005-08-03,21.4317,0.0
2005-08-04,44.2359,35.9
2005-08-05,28.8448,0.0
2005-08-06,15.234,0.0
2005-08-07,9.9629,38.59
2005-08-08,13.2335,0.0
2005-08-09,16.0276,0.18
2005-08-10,16.2416,0.0
2005-08-11,10.0028,0.0
2005-08-12,13.838,0.0
2005-08-13,8.2908,0.0
2005-08-14,13.6629,28.54
2005-08-15,42.7751,0.0
2005-08-16,43.9656,0.0
2005-08-17,49.1867,2.52
2005-08-18,35.2093,77.62
2005-08-19,15.2345,0.0
2005-08-20,11.6009,0.0
2005-08-21,7.4228,69.4
2005-08-22,4.2846,0.0
2005-08-23,9.384,0.0
2005-08-24,10.6307,58.39
2005-08-25,12.4277,45.22
2005-08-26,10.8315,0.0
2005-08-27,10.0978,0.0
2005-08-28,15.0125,0.0
2005-08-29,14.3682,50.77
2005-08-30,17.3368,0.0
2005-08-31,15.3139,0.0
2005-09-01,12.8905,0.0
2005-09-02,7.1591,145.13
2005-09-03,3.3286,0.0
2005-09-04,3.3252,15.13
2005-09-05,3.7777,56.69
2005-09-06,2.4619,0.0
2005-09-07,2.7692,0.0
2005-09-08,3.1927,263.44
2005-09-09,1.4842,0.0
2005-09-10,1.2229,38.59
2005-09-11,1.7519,15.89
2005-09-12,2.408,28.56
2005-09-13,1.7221,32.43
2005-09-14,2.1601,0.0
2005-09-15,3.7648,0.0
2005-09-16,5.6455,0.0
2005-09-17,5.7282,35.04
2005-09-18,4.9902,9.77
2005-09-19,4.1231,46.6
2005-09-20,5.4055,0.0
2005-09-21,6.1893,70.69
2005-09-22,8.3443,7.45
2005-09-23,8.9473,0.0
2005-09-24,12.5887,0.0
2005-09-25,12.8017,13.13
2005-09-26,17.1881,29.0
2005-09-27,23.2585,0.0
2005-09-28,15.5304,67.61
2005-09-29,7.1658,15.05
2005-09-30,13.7911,0.0
2005-10-01,14.8435,28.29
2005-10-02,7.1418,104.74
2005-10-03,5.5099,179.06
2005-10-04,7.9454,23.03
2005-10-05,7.2371,14.43
2005-10-06,6.0512,26.04
2005-10-07,11.1614,0.0
2005-10-08,7.2217,66.2
2005-10-09,5.3789,0.0
2005-10-10,6.1951,0.0
2005-10-11,7.5737,5.58
2005-10-12,9.4892,2.04
2005-10-13,13.7785,0.0
2005-10-14,14.4887,0.0
2005-10-15,17.0628,0.0
2005-10-16,14.6197,256.82
2005-10-17,14.4756,3.63
2005-10-18,14.6105,59.42
2005-10-19,15.3923,0.0
2005-10-20,20.2294,0.0
2005-10-21,23.7481,122.29
2005-10-22,22.3409,0.0
2005-10-23,14.9613,31.61
2005-10-24,14.8279,0.0
2005-10-25,14.1512,0.96
2005-10-26,14.8376,0.0
2005-10-27,35.0177,0.0
2005-10-28,25.2887,0.0
2005-10-29,27.6065,74.32
2005-10-30,38.8489,0.0
2005-10-31,35.7746,0.0
2005-11-01,82.2523,8.31
2005-11-02,58.3486,10.98
2005-11-03,56.7784,0.0
2005-11-04,35.1583,46.93
2005-11-05,27.2725,47.48
2005-11-06,27.6229,203.37
2005-11-07,35.6058,4.1
2005-11-08,36.2318,32.47
2005-11-09,53.8841,0.0
2005-11-10,44.6711,178.41
2005-11-11,34.2352,0.0
2005-11-12,91.983,7.0
2005-11-13,88.6225,106.54
2005-11-14,54.591,8.89
2005-11-15,35.5267,0.0
2005-11-16,21.7538,0.0
2005-11-17,29.8361,39.88
2005-11-18,23.482,69.3
2005-11-19,23.0635,17.2
2005-11-20,21.0107,15.09
2005-11-21,26.6495,0.0
2005-11-22,17.4611,47.44
2005-11-23,10.8443,0.0
2005-11-24,11.9152,0.0
2005-11-25,15.1257,21.93
2005-11-26,16.8593,0.0
2005-11-27,11.7215,110.68
2005-11-28,15.3934,0.0
2005-11-29,11.0931,72.06
2005-11-30,9.0181,0.0
2005-12-01,6.2997,1.06
2005-12-02,11.2958,18.17
2005-12-03,14.6582,0.0
2005-12-04,18.3703,28.07
2005-12-05,29.2668,14.65
2005-12-06,84.2792,0.0
2005-12-07,35.3079,115.34
2005-12-08,23.7468,0.0
2005-12-09,17.4114,0.0
2005-12-10,11.9498,0.0
2005-12-11,7.7482,188.07
2005-12-12,7.167,7.96
2005-12-13,4.6082,0.0
2005-12-14,5.787,25.92
2005-12-15,6.3494,6.39
2005-12-16,8.2244,12.06
2005-12-17,10.523,128.95
2005-12-18,13.6897,0.0
2005-12-19,11.7139,0.0
2005-12-20,27.9415,0.0
2005-12-21,28.684,0.0
2005-12-22,12.5719,18.55
2005-12-23,8.4236,74.07
2005-12-24,4.3444,31.13
2005-12-25,4.8544,0.0
2005-12-26,5.0784,146.82
2005-12-27,4.6007,0.0
2005-12-28,11.4874,7.87
2005-12-29,14.6007,0.0
2005-12-30,19.5171,0.0
2005-12-31,12.9926,0.0
2006-01-01,8.7527,22.1
2006-01-02,9.2928,0.0
2006-01-03,10.3751,40.75
2006-01-04,5.044,22.77
2006-01-05,5.1677,61.93
2006-01-06,5.7189,17.02
2006-01-07,5.7182,0.0
2006-01-08,4.4899,92.95
2006-01-09,4.0297,17.8
2006-01-10,4.2332,0.0
2006-01-11,4.9369,0.0
2006-01-12,6.9953,0.0
2006-01-13,11.6498,0.0
2006-01-14,10.6152,197.9
2006-01-15,9.142,0.0
2006-01-16,11.4703,86.71
2006-01-17,15.1294,68.51
2006-01-18,12.7499,22.68
2006-01-19,17.9333,0.0
2006-01-20,26.4118,3.05
2006-01-21,42.6293,0.0
2006-01-22,80.2517,32.88
2006-01-23,48.8775,19.41
2006-01-24,44.5217,2.02
2006-01-25,40.8825,63.0
2006-01-26,36.2168,104.03
2006-01-27,25.9654,0.0
2006-01-28,13.6852,25.39
2006-01-29,14.5016,3.05
2006-01-30,10.7911,0.0
2006-01-31,11.6678,1.62
2006-02-01,8.7751,264.39
2006-02-02,5.9885,163.35
2006-02-03,7.2685,10.5
2006-02-04,8.384,78.95
2006-02-05,11.3596,0.0
2006-02-06,28.71,19.57
2006-02-07,30.7873,0.0
2006-02-08,35.7036,1.0
2006-02-09,21.703,0.0
2006-02-10,12.6913,0.0
2006-02-11,24.9356,44.57
2006-02-12,16.6975,21.48
2006-02-13,11.0521,14.87
2006-02-14,11.4182,0.0
2006-02-15,11.5259,0.0
2006-02-16,8.3695,27.93
2006-02-17,7.9753,0.0
2006-02-18,14.2168,13.64
2006-02-19,10.5453,14.11
2006-02-20,6.3388,0.0
2006-02-21,10.2878,14.9
2006-02-22,13.3158,6.84
2006-02-23,10.7301,0.0
2006-02-24,5.9764,2.1
2006-02-25,4.9321,0.0
2006-02-26,5.4801,34.36
2006-02-27,9.8897,67.82
2006-02-28,6.9329,1.8
2006-03-01,7.3856,0.0
2006-03-02,10.6444,69.03
2006-03-03,4.304,39.81
2006-03-04,7.5414,0.0
2006-03-05,5.1175,0.0
2006-03-06,6.6468,0.0
2006-03-07,8.1452,0.0
2006-03-08,13.7604,0.18
2006-03-09,17.856,0.0
2006-03-10,6.9125,0.0
2006-03-11,5.5647,0.0
2006-03-12,6.6427,0.0
2006-03-13,6.8188,7.59
2006-03-14,9.1718,10.85
2006-03-15,13.6257,0.0
2006-03-16,18.1474,13.65
2006-03-17,16.8756,48.55
2006-03-18,8.1584,12.89
2006-03-19,7.4058,0.0
2006-03-20,9.6566,0.0
2006-03-21,6.6767,0.0
2006-03-22,9.5916,0.0
2006-03-23,14.9154,0.0
2006-03-24,16.2342,0.0
2006-03-25,4.816,26.97
2006-03-26,3.2915,0.0
2006-03-27,8.392,164.43
2006-03-28,7.333,287.93
2006-03-29,3.6243,46.42
2006-03-30,7.0388,0.0
2006-03-31,7.8433,0.0
2006-04-01,13.466,0.0
2006-04-02,15.7355,0.0
2006-04-03,19.5117,0.0
2006-04-04,22.8229,14.46
2006-04-05,30.1345,0.0
2006-04-06,73.5579,0.0
2006-04-07,97.4843,0.0
2006-04-08,44.7985,15.65
2006-04-09,50.2378,31.79
2006-04-10,73.8669,0.0
2006-04-11,107.4734,30.55
2006-04-12,78.0971,17.21
2006-04-13,111.3225,141.6
2006-04-14,139.5371,38.0
2006-04-15,333.5027,39.39
2006-04-16,191.608,0.0
2006-04-17,127.7553,0.0
2006-04-18,95.8975,0.0
2006-04-19,68.5798,242.65
2006-04-20,43.0056,62.28
2006-04-21,13.1806,115.99
2006-04-22,11.5548,37.97
2006-04-23,14.1965,143.88
2006-04-24,12.0674,0.0
2006-04-25,27.8365,0.0
2006-04-26,27.3045,17.11
2006-04-27,45.0059,0.6
2006-04-28,46.6922,107.3
2006-04-29,60.6792,18.99
2006-04-30,61.67,58.88
2006-05-01,97.2764,44.9
2006-05-02,86.455,9.21
2006-05-03,92.8049,17.27
2006-05-04,93.8828,0.0
2006-05-05,72.7564,213.59
2006-05-06,76.402,199.26
2006-05-07,167.5155,44.32
2006-05-08,123.9029,21.88
2006-05-09,124.5371,0.0
2006-05-10,175.642,0.0
2006-05-11,228.8094,0.0
2006-05-12,184.1407,0.0
2006-05-13,57.2799,69.41
2006-05-14,64.1543,120.71
2006-05-15,23.4687,190.47
2006-05-16,41.9289,15.44
2006-05-17,41.9331,0.0
2006-05-18,58.6751,18.34
2006-05-19,36.8384,5.35
2006-05-20,18.5379,1.47
2006-05-21,20.6955,22.11
2006-05-22,20.2932,0.0
2006-05-23,16.5526,5.34
2006-05-24,17.3634,74.2
2006-05-25,53.7288,27.1
2006-05-26,68.5004,0.0
2006-05-27,93.1403,15.39
2006-05-28,113.2418,0.0
2006-05-29,174.8599,54.56
2006-05-30,131.8943,54.98
2006-05-31,47.9461,0.0
2006-06-01,40.6945,19.89
2006-06-02,52.5496,64.85
2006-06-03,32.1995,0.0
2006-06-04,28.4401,185.1
2006-06-05,20.6091,137.48
2006-06-06,37.3804,0.0
2006-06-07,47.3106,4.84
2006-06-08,56.2927,28.71
2006-06-09,65.093,87.08
2006-06-10,56.8478,0.0
2006-06-11,55.2504,117.58
2006-06-12,30.7342,19.44
2006-06-13,12.0184,0.0
2006-06-14,13.1866,0.0
2006-06-15,15.3841,0.0
2006-06-16,25.3137,112.44
2006-06-17,46.0557,52.72
2006-06-18,79.2391,139.5
2006-06-19,45.8208,0.0
2006-06-20,36.1646,53.74
2006-06-21,40.8417,0.0
2006-06-22,104.6412,141.93
2006-06-23,160.5615,0.0
2006-06-24,204.5772,0.0
2006-06-25,138.3787,10.51
2006-06-26,79.325,0.0
2006-06-27,94.1285,0.0
2006-06-28,51.1202,235.72
2006-06-29,41.6027,4.06
2006-06-30,36.2512,0.0
2006-07-01,63.8424,101.51
2006-07-02,48.4791,7.2
2006-07-03,16.218,153.74
2006-07-04,19.7461,0.0
2006-07-05,14.4939,7.19
2006-07-06,14.7695,0.0
2006-07-07,14.2487,61.4
2006-07-08,12.7776,43.49
2006-07-09,17.7972,0.0
2006-07-10,9.3792,16.43
2006-07-11,7.9041,134.15
2006-07-12,10.9986,41.78
2006-07-13,8.7717,0.0
2006-07-14,4.7707,60.53
2006-07-15,6.8961,21.37
2006-07-16,11.5789,178.95
2006-07-17,11.5454,67.21
2006-07-18,5.2967,35.83
2006-07-19,7.6804,67.32
2006-07-20,4.1266,85.27
2006-07-21,5.206,15.14
2006-07-22,3.9583,0.0
2006-07-23,2.762,0.0
2006-07-24,2.6624,98.29
2006-07-25,2.8576,14.82
2006-07-26,2.5269,66.56
2006-07-27,3.7213,0.0
2006-07-28,3.4765,14.37
2006-07-29,5.8199,13.43
2006-07-30,6.9986,48.35
2006-07-31,5.5638,21.91
2006-08-01,4.2168,1.85
2006-08-02,2.3872,104.88
2006-08-03,3.1196,0.0
2006-08-04,3.0615,0.0
2006-08-05,1.3285,0.0
2006-08-06,1.3085,0.0
2006-08-07,1.1125,303.36
2006-08-08,2.6164,0.0
2006-08-09,1.5073,0.0
2006-08-10,1.0148,0.0
2006-08-11,1.9899,0.0
2006-08-12,4.0525,81.1
2006-08-13,3.2993,174.14
2006-08-14,2.8638,89.21
2006-08-15,4.1731,313.2
2006-08-16,1.7827,37.09
2006-08-17,0.9936,49.77
2006-08-18,1.1077,30.39
2006-08-19,2.5649,0.0
2006-08-20,2.4598,0.0
2006-08-21,2.9418,0.0
2006-08-22,5.2564,224.74
2006-08-23,13.2033,0.0
2006-08-24,10.276,0.0
2006-08-25,10.2625,0.0
2006-08-26,21.5783,0.0
2006-08-27,10.935,45.3
2006-08-28,16.5565,146.84
2006-08-29,10.534,0.0
2006-08-30,10.9944,0.0
2006-08-31,9.9354,7.61
2006-09-01,6.7801,20.3
2006-09-02,4.7413,57.08
2006-09-03,5.704,28.27
2006-09-04,9.0254,0.0
2006-09-05,8.6784,0.0
2006-09-06,9.078,21.05
2006-09-07,11.5812,31.52
2006-09-08,7.7328,15.07
2006-09-09,10.7119,121.84
2006-09-10,14.8708,24.28
2006-09-11,41.2578,0.0
2006-09-12,31.1805,0.0
2006-09-13,23.3808,65.96
2006-09-14,29.5809,0.0
2006-09-15,37.3712,0.0
2006-09-16,26.6978,10.52
2006-09-17,20.7441,0.0
2006-09-18,24.1744,0.0
2006-09-19,15.955,0.0
2006-09-20,12.9489,113.17
2006-09-21,13.1149,21.68
2006-09-22,19.1491,31.99
2006-09-23,14.1219,112.51
2006-09-24,6.4856,17.61
2006-09-25,3.1033,0.0
2006-09-26,2.0727,117.81
2006-09-27,1.4054,20.87
2006-09-28,1.5785,0.0
2006-09-29,1.1537,27.89
2006-09-30,1.0566,145.52
2006-10-01,0.9476,0.0
2006-10-02,0.9824,8.83
2006-10-03,2.0733,29.95
2006-10-04,3.1271,0.0
2006-10-05,3.4968,27.71
2006-10-06,3.1903,66.37
2006-10-07,2.9684,51.37
2006-10-08,3.784,0.0
2006-10-09,5.234,51.93
2006-10-10,3.841,0.0
2006-10-11,4.2504,61.22
2006-10-12,2.0167,0.0
2006-10-13,2.5416,77.54
2006-10-14,3.9196,229.96
2006-10-15,3.8095,100.35
2006-10-16,8.6787,0.0
2006-10-17,6.1495,23.91
2006-10-18,7.0181,14.49
2006-10-19,7.1426,39.05
2006-10-20,7.0716,65.21
2006-10-21,6.969,0.0
2006-10-22,7.5236,80.04
2006-10-23,10.8899,43.28
2006-10-24,18.8884,46.61
2006-10-25,17.8166,32.14
2006-10-26,23.5329,29.11
2006-10-27,16.3947,67.31
2006-10-28,21.3974,33.22
2006-10-29,14.6815,0.0
2006-10-30,22.087,45.86
2006-10-31,50.3947,0.0
2006-11-01,41.4611,126.69
2006-11-02,15.0167,204.22
2006-11-03,11.6211,1.19
2006-11-04,18.9377,52.4
2006-11-05,22.4249,0.0
2006-11-06,23.1232,0.0
2006-11-07,32.3538,0.0
2006-11-08,35.5129,0.0
2006-11-09,52.0323,21.22
2006-11-10,65.2619,75.72
2006-11-11,102.3616,0.0
2006-11-12,96.2344,4.29
2006-11-13,113.5691,53.61
2006-11-14,80.8191,0.0
2006-11-15,52.6843,0.0
2006-11-16,90.9998,0.0
2006-11-17,81.7838,13.15
2006-11-18,94.2461,0.0
2006-11-19,81.3941,51.68
2006-11-20,53.4564,3.87
2006-11-21,46.4946,35.41
2006-11-22,72.9796,0.0
2006-11-23,76.976,0.0
2006-11-24,32.2756,0.0
2006-11-25,26.8733,3.04
2006-11-26,51.1232,42.91
2006-11-27,40.8747,159.9
2006-11-28,17.5507,0.0
2006-11-29,36.361,15.84
2006-11-30,43.1809,18.49
2006-12-01,37.2381,0.0
2006-12-02,28.8252,73.42
2006-12-03,41.1789,0.0
2006-12-04,29.506,151.27
2006-12-05,43.2448,0.0
2006-12-06,47.9062,74.19
2006-12-07,46.6318,97.77
2006-12-08,43.7358,3.51
2006-12-09,36.2581,29.87
2006-12-10,50.1614,0.0
2006-12-11,31.084,20.49
2006-12-12,14.8212,1.98
2006-12-13,18.719,0.0
2006-12-14,23.3134,93.65
2006-12-15,26.7854,0.0
2006-12-16,29.5236,0.0
2006-12-17,24.0283,87.36
2006-12-18,31.2333,0.0
2006-12-19,28.3019,3.91
2006-12-20,21.653,176.19
2006-12-21,18.2365,23.16
2006-12-22,40.1552,0.0
2006-12-23,17.9814,0.0
2006-12-24,21.4383,72.65
2006-12-25,10.4127,0.0
2006-12-26,10.2145,53.89
2006-12-27,8.8036,0.0
2006-12-28,3.9427,0.0
2006-12-29,5.1797,0.0
2006-12-30,4.8636,0.0
2006-12-31,2.2908,0.0
2007-01-01,3.8091,78.0
2007-01-02,7.6883,0.0
2007-01-03,14.8899,0.0
2007-01-04,17.1784,0.0
2007-01-05,17.2435,5.65
2007-01-06,29.1009,0.0
2007-01-07,54.0715,56.12
2007-01-08,76.058,26.12
2007-01-09,44.7735,4.81
2007-01-10,43.9799,10.1
2007-01-11,47.6828,0.0
2007-01-12,20.6491,44.33
2007-01-13,24.3129,0.0
2007-01-14,58.5878,0.0
2007-01-15,67.2728,36.6
2007-01-16,106.9674,0.0
2007-01-17,96.7165,40.32
2007-01-18,79.6091,0.0
2007-01-19,80.2356,0.0
2007-01-20,49.7911,22.72
2007-01-21,30.4182,0.0
2007-01-22,47.9984,63.16
2007-01-23,75.8759,4.73
2007-01-24,44.1886,0.0
2007-01-25,59.8221,18.9
2007-01-26,51.4117,0.0
2007-01-27,53.2848,64.96
2007-01-28,57.83,175.18
2007-01-29,77.3841,0.0
2007-01-30,69.7374,35.89
2007-01-31,108.6817,0.0
2007-02-01,104.1926,33.68
2007-02-02,113.9731,0.0
2007-02-03,68.5609,0.0
2007-02-04,145.2317,12.93
2007-02-05,145.0064,116.69
2007-02-06,159.8749,42.32
2007-02-07,68.2697,0.0
2007-02-08,43.3394,61.72
2007-02-09,66.1113,14.32
2007-02-10,66.0435,0.0
2007-02-11,27.0737,41.62
2007-02-12,39.8277,18.62
2007-02-13,29.8134,118.8
2007-02-14,50.6126,35.8
2007-02-15,44.6253,0.0
2007-02-16,44.8301,0.0
2007-02-17,66.8265,0.0
2007-02-18,41.4395,0.0
2007-02-19,25.84,66.7
2007-02-20,23.2386,85.9
2007-02-21,31.9592,0.0
2007-02-22,17.8198,0.0
2007-02-23,9.1475,0.0
2007-02-24,13.6986,0.18
2007-02-25,11.0974,0.0
2007-02-26,9.9857,0.0
2007-02-27,5.0151,0.0
2007-02-28,4.3241,0.0
2007-03-01,4.962,30.22
2007-03-02,8.2243,35.16
2007-03-03,6.5358,65.28
2007-03-04,14.1898,17.18
2007-03-05,11.1184,0.0
2007-03-06,8.9167,29.96
2007-03-07,17.941,44.98
2007-03-08,19.7978,55.7
2007-03-09,15.8967,0.0
2007-03-10,15.2987,137.28
2007-03-11,27.2233,34.03
2007-03-12,48.122,0.0
2007-03-13,32.0364,8.25
2007-03-14,30.2991,113.83
2007-03-15,30.399,18.57
2007-03-16,19.7206,0.0
2007-03-17,19.407,0.0
2007-03-18,19.609,0.0
2007-03-19,31.3514,122.05
2007-03-20,49.3532,0.0
2007-03-21,40.0062,0.0
2007-03-22,34.6443,18.79
2007-03-23,43.3918,1.41
2007-03-24,32.101,45.28
2007-03-25,39.2773,0.0
2007-03-26,35.8757,180.15
2007-03-27,23.1236,32.13
2007-03-28,15.5963,0.0
2007-03-29,28.875,0.0
2007-03-30,26.3958,0.0
2007-03-31,50.3732,0.0
2007-04-01,37.8727,13.18
2007-04-02,40.4932,0.0
2007-04-03,100.7972,12.03
2007-04-04,57.072,111.92
2007-04-05,24.2204,0.0
2007-04-06,40.3775,67.8
2007-04-07,27.2926,34.79
2007-04-08,26.5034,0.0
2007-04-09,20.5256,4.03
2007-04-10,22.9969,55.22
2007-04-11,15.5645,0.0
2007-04-12,14.9156,0.0
2007-04-13,18.5177,0.0
2007-04-14,12.4859,110.48
2007-04-15,9.8877,0.0
2007-04-16,9.2266,0.0
2007-04-17,5.5908,5.18
2007-04-18,5.3304,19.87
2007-04-19,6.3549,55.52
2007-04-20,6.0428,130.39
2007-04-21,6.0793,295.61
2007-04-22,6.767,0.0
2007-04-23,5.7645,0.0
2007-04-24,8.5966,118.38
2007-04-25,16.7092,0.0
2007-04-26,14.1521,61.44
2007-04-27,17.8742,25.28
2007-04-28,16.4727,0.0
2007-04-29,19.5382,18.57
2007-04-30,37.0897,0.0
2007-05-01,43.261,0.23
2007-05-02,19.7376,35.69
2007-05-03,23.8431,79.32
2007-05-04,38.7976,34.01
2007-05-05,33.4917,0.0
2007-05-06,47.9618,0.0
2007-05-07,33.5682,95.33
2007-05-08,17.5829,158.07
2007-05-09,18.8776,0.0
2007-05-10,9.3334,0.0
2007-05-11,9.0942,23.81
2007-05-12,16.4778,45.99
2007-05-13,7.7442,34.39
2007-05-14,5.0323,25.28
2007-05-15,3.7588,131.6
2007-05-16,4.2673,31.2
2007-05-17,4.2351,20.72
2007-05-18,8.5927,218.46
2007-05-19,13.6417,103.09
2007-05-20,17.2309,0.0
2007-05-21,18.4832,0.0
2007-05-22,21.7684,2.79
2007-05-23,15.1842,11.19
2007-05-24,21.9524,4.78
2007-05-25,13.8145,0.0
2007-05-26,19.95,0.0
2007-05-27,32.0955,0.88
2007-05-28,33.2884,0.0
2007-05-29,29.4032,0.0
2007-05-30,33.161,0.0
2007-05-31,9.8653,576.74
2007-06-01,11.8048,100.07
2007-06-02,11.7368,0.0
2007-06-03,11.9696,51.85
2007-06-04,16.5496,0.0
2007-06-05,16.1794,0.0
2007-06-06,10.2895,116.01
2007-06-07,10.2157,34.2
2007-06-08,11.0395,326.94
2007-06-09,12.0683,33.62
2007-06-10,13.3299,0.0
2007-06-11,20.8045,0.0
2007-06-12,13.1734,39.03
2007-06-13,14.4907,0.0
2007-06-14,24.7993,62.52
2007-06-15,11.8624,0.0
2007-06-16,13.1727,146.11
2007-06-17,10.6217,0.0
2007-06-18,9.523,0.0
2007-06-19,6.9421,5.95
2007-06-20,7.012,0.0
2007-06-21,15.9674,0.0
2007-06-22,9.5803,46.1
2007-06-23,6.2552,0.0
2007-06-24,4.0226,0.0
2007-06-25,9.1815,0.0
2007-06-26,7.9999,78.66
2007-06-27,8.4194,0.0
2007-06-28,7.5656,0.0
2007-06-29,5.5095,0.0
2007-06-30,5.5014,2.47
2007-07-01,16.3455,26.57
2007-07-02,28.526,0.0
2007-07-03,19.0454,62.26
2007-07-04,24.2139,102.94
2007-07-05,16.5332,168.27
2007-07-06,7.9679,0.0
2007-07-07,12.7309,28.77
2007-07-08,20.6166,0.0
2007-07-09,30.485,0.0
2007-07-10,23.5232,0.0
2007-07-11,21.0016,0.0
2007-07-12,27.445,102.2
2007-07-13,30.2521,0.0
2007-07-14,24.0328,296.6
2007-07-15,11.8626,0.0
2007-07-16,12.5941,108.56
2007-07-17,19.6463,0.0
2007-07-18,11.6951,0.0
2007-07-19,15.3494,83.08
2007-07-20,17.3408,0.0
2007-07-21,22.9389,6.12
2007-07-22,31.0546,90.38
2007-07-23,21.6693,0.68
2007-07-24,10.7483,0.31
2007-07-25,8.8108,0.0
2007-07-26,13.0791,0.0
2007-07-27,10.4822,91.14
2007-07-28,8.0561,0.0
2007-07-29,4.0153,0.0
2007-07-30,9.0655,0.0
2007-07-31,13.0441,2.34
2007-08-01,17.7382,0.0
2007-08-02,25.395,20.57
2007-08-03,30.0126,0.0
2007-08-04,25.0358,0.0
2007-08-05,21.9259,0.0
2007-08-06,17.4576,123.44
2007-08-07,49.0338,2.97
2007-08-08,53.9599,0.0
2007-08-09,38.9266,8.89
2007-08-10,42.1344,50.8
2007-08-11,24.8865,0.0
2007-08-12,42.7021,0.0
2007-08-13,28.9959,261.17
2007-08-14,32.6447,72.8
2007-08-15,45.6806,0.0
2007-08-16,47.018,189.65
2007-08-17,42.8924,184.09
2007-08-18,38.1264,322.39
2007-08-19,33.3213,127.52
2007-08-20,23.8705,0.0
2007-08-21,18.554,77.04
2007-08-22,32.2226,9.98
2007-08-23,27.9517,79.74
2007-08-24,18.6635,52.6
2007-08-25,14.4162,57.21
2007-08-26,21.9364,0.0
2007-08-27,27.0339,0.0
2007-08-28,31.1817,54.26
2007-08-29,25.4796,108.09
2007-08-30,29.6825,134.44
2007-08-31,20.8221,0.98
2007-09-01,17.6205,0.0
2007-09-02,24.9027,29.96
2007-09-03,32.7929,0.0
2007-09-04,19.8486,0.0
2007-09-05,13.2349,61.67
2007-09-06,13.5297,0.0
2007-09-07,26.5676,106.27
2007-09-08,11.2176,60.47
2007-09-09,12.4592,0.0
2007-09-10,7.0111,221.3
2007-09-11,5.6141,0.0
2007-09-12,5.1165,0.0
2007-09-13,4.596,84.76
2007-09-14,3.9812,0.0
2007-09-15,4.3494,17.46
2007-09-16,3.7827,0.0
2007-09-17,2.2885,101.27
2007-09-18,3.5942,66.86
2007-09-19,5.3565,36.2
2007-09-20,7.9821,0.0
2007-09-21,4.3662,9.31
2007-09-22,5.316,0.0
2007-09-23,7.4047,6.02
2007-09-24,5.0109,12.22
2007-09-25,5.3552,33.34
2007-09-26,5.4062,74.57
2007-09-27,12.0522,0.0
2007-09-28,25.8124,121.66
2007-09-29,12.0506,0.0
2007-09-30,32.4991,0.0
2007-10-01,20.1193,11.25
2007-10-02,28.0462,0.0
2007-10-03,37.7685,0.0
2007-10-04,22.3199,0.0
2007-10-05,25.2962,4.32
2007-10-06,22.2208,0.0
2007-10-07,25.8249,0.0
2007-10-08,25.9668,20.45
2007-10-09,38.5878,0.0
2007-10-10,35.1223,95.11
2007-10-11,29.2201,0.0
2007-10-12,41.2518,0.0
2007-10-13,45.7955,0.0
2007-10-14,53.5449,0.0
2007-10-15,35.06,0.0
2007-10-16,20.4557,0.0
2007-10-17,15.2151,9.45
2007-10-18,11.3817,89.57
2007-10-19,15.4605,88.15
2007-10-20,22.0554,105.4
2007-10-21,19.2659,0.0
2007-10-22,32.3961,0.0
2007-10-23,50.6563,24.6
2007-10-24,48.2157,33.41
2007-10-25,29.9505,0.0
2007-10-26,51.3224,61.5
2007-10-27,43.1577,0.0
2007-10-28,39.7846,0.0
2007-10-29,30.6039,414.93
2007-10-30,19.3015,27.37
2007-10-31,10.0465,60.67
2007-11-01,13.0061,176.88
2007-11-02,9.2687,44.76
2007-11-03,32.3181,41.07
2007-11-04,18.7566,26.33
2007-11-05,10.6777,58.72
2007-11-06,13.0988,16.92
2007-11-07,23.8382,0.0
2007-11-08,22.6996,40.56
2007-11-09,26.6778,0.0
2007-11-10,11.6165,29.43
2007-11-11,8.7559,98.43
2007-11-12,5.7708,46.2
2007-11-13,2.8341,0.0
2007-11-14,3.3568,20.34
2007-11-15,1.5059,60.18
2007-11-16,1.0559,40.46
2007-11-17,1.0515,0.0
2007-11-18,0.9303,24.91
2007-11-19,1.3691,6.95
2007-11-20,1.8754,0.0
2007-11-21,3.1689,66.52
2007-11-22,4.8217,141.48
2007-11-23,8.2665,0.0
2007-11-24,8.4961,10.77
2007-11-25,9.8616,28.71
2007-11-26,12.2899,59.43
2007-11-27,12.9287,9.65
2007-11-28,10.8887,0.0
2007-11-29,9.568,0.0
2007-11-30,6.9934,0.0
2007-12-01,8.6937,6.45
2007-12-02,8.6018,0.0
2007-12-03,6.7688,0.0
2007-12-04,5.4493,2.2
2007-12-05,3.5859,0.0
2007-12-06,5.954,0.0
2007-12-07,6.5576,0.0
2007-12-08,4.8921,0.96
2007-12-09,7.3809,4.46
2007-12-10,6.1633,0.0
2007-12-11,3.7163,0.0
2007-12-12,6.2775,20.52
2007-12-13,5.3798,85.55
2007-12-14,4.9281,0.0
2007-12-15,5.4638,86.95
2007-12-16,9.38,42.63
2007-12-17,9.7326,0.0
2007-12-18,6.146,102.83
2007-12-19,8.2049,45.16
2007-12-20,7.0365,4.94
2007-12-21,16.01,0.0
2007-12-22,15.7304,32.81
2007-12-23,6.2676,0.0
2007-12-24,7.7678,0.0
2007-12-25,17.9648,0.0
2007-12-26,33.1622,47.08
2007-12-27,64.2142,37.1
2007-12-28,36.9135,61.4
2007-12-29,48.8461,0.0
2007-12-30,32.5211,0.0
2007-12-31,32.9901,0.0
2008-01-01,18.2658,19.66
2008-01-02,13.7586,81.43
2008-01-03,10.5062,0.0
2008-01-04,15.5708,77.47
2008-01-05,21.4092,0.0
2008-01-06,23.1394,13.92
2008-01-07,12.8545,0.0
2008-01-08,11.4844,0.0
2008-01-09,8.6993,133.1
2008-01-10,13.0131,30.7
2008-01-11,21.2722,0.0
2008-01-12,31.6633,111.29
2008-01-13,21.8324,46.67
2008-01-14,6.9766,4.92
2008-01-15,3.6717,10.75
2008-01-16,7.4599,0.0
2008-01-17,6.7928,182.4
2008-01-18,5.4185,38.91
2008-01-19,11.6398,0.0
2008-01-20,20.0213,86.34
2008-01-21,19.8383,47.82
2008-01-22,17.3074,0.0
2008-01-23,16.3309,0.0
2008-01-24,17.9287,0.0
2008-01-25,34.0506,0.0
2008-01-26,37.8727,24.9
2008-01-27,47.2008,147.64
2008-01-28,69.0301,0.0
2008-01-29,37.8312,0.0
2008-01-30,47.7896,0.0
2008-01-31,38.6527,29.2
2008-02-01,12.9699,66.34
2008-02-02,5.6307,9.82
2008-02-03,4.1385,0.0
2008-02-04,5.863,0.0
2008-02-05,6.7978,16.7
2008-02-06,8.0053,218.34
2008-02-07,19.0048,116.57
2008-02-08,11.3192,215.03
2008-02-09,11.6947,0.0
2008-02-10,13.7868,0.0
2008-02-11,10.5089,177.46
2008-02-12,11.1982,0.0
2008-02-13,6.1378,0.0
2008-02-14,12.0343,82.94
2008-02-15,9.5143,102.37
2008-02-16,23.0726,150.05
2008-02-17,22.3759,24.76
2008-02-18,33.4524,15.37
2008-02-19,31.1229,0.0
2008-02-20,29.428,4.12
2008-02-21,22.3632,57.93
2008-02-22,23.1785,0.0
2008-02-23,25.9644,14.11
2008-02-24,18.4269,0.0
2008-02-25,17.6313,0.0
2008-02-26,13.9226,0.0
2008-02-27,36.5206,0.0
2008-02-28,33.3352,0.0
2008-02-29,59.5176,0.0
2008-03-01,49.8074,45.91
2008-03-02,50.9557,31.17
2008-03-03,27.4346,68.52
2008-03-04,22.2813,5.08
2008-03-05,24.0806,70.38
2008-03-06,45.1221,3.35
2008-03-07,45.9578,24.91
2008-03-08,74.8307,77.74
2008-03-09,86.2704,14.31
2008-03-10,146.4426,0.0
2008-03-11,119.6515,0.0
2008-03-12,268.6187,0.0
2008-03-13,174.7858,121.5
2008-03-14,105.5888,0.0
2008-03-15,55.8253,0.0
2008-03-16,131.323,188.77
2008-03-17,154.9042,0.0
2008-03-18,112.8231,22.18
2008-03-19,160.6522,0.0
2008-03-20,176.4705,0.0
2008-03-21,322.6087,70.52
2008-03-22,134.4843,0.0
2008-03-23,102.1149,4.3
2008-03-24,73.4225,154.96
2008-03-25,29.5067,16.06
2008-03-26,44.0525,188.3
2008-03-27,36.9886,43.86
2008-03-28,47.5135,0.0
2008-03-29,114.9835,13.56
2008-03-30,85.5361,17.29
2008-03-31,63.6068,0.0
2008-04-01,60.4792,173.49
2008-04-02,82.1326,43.54
2008-04-03,57.8013,0.0
2008-04-04,40.9288,0.0
2008-04-05,59.2637,115.95
2008-04-06,63.0207,60.29
2008-04-07,24.9724,0.0
2008-04-08,15.0085,0.0
2008-04-09,28.5132,96.86
2008-04-10,32.7241,16.61
2008-04-11,23.1433,44.85
2008-04-12,21.4692,0.0
2008-04-13,21.6004,0.0
2008-04-14,29.1017,0.0
2008-04-15,16.3363,53.46
2008-04-16,11.9203,0.0
2008-04-17,14.0549,0.0
2008-04-18,14.0344,39.06
2008-04-19,18.3955,0.0
2008-04-20,11.3384,41.13
2008-04-21,13.8881,167.07
2008-04-22,22.4798,0.0
2008-04-23,27.249,147.93
2008-04-24,28.1852,0.0
2008-04-25,26.4196,58.98
2008-04-26,18.4642,6.01
2008-04-27,18.1577,14.61
2008-04-28,30.6623,60.54
2008-04-29,28.2298,6.93
2008-04-30,19.1605,0.0
2008-05-01,15.8244,16.32
2008-05-02,17.6055,40.03
2008-05-03,15.3667,0.0
2008-05-04,19.2247,40.21
2008-05-05,23.9173,0.0
2008-05-06,33.8188,40.94
2008-05-07,57.5088,3.54
2008-05-08,78.3141,0.0
2008-05-09,47.4272,0.0
2008-05-10,30.4367,0.0
2008-05-11,28.4345,11.01
2008-05-12,22.9514,122.71
2008-05-13,14.2974,0.0
2008-05-14,12.3278,0.0
2008-05-15,10.6284,0.0
2008-05-16,8.5715,0.0
2008-05-17,8.1406,0.0
2008-05-18,14.222,32.68
2008-05-19,15.8735,0.0
2008-05-20,44.0127,240.62
2008-05-21,43.7495,9.02
2008-05-22,36.0911,0.0
2008-05-23,34.1216,76.35
2008-05-24,35.8989,27.42
2008-05-25,40.3979,0.0
2008-05-26,87.3924,0.0
2008-05-27,53.9181,28.94
2008-05-28,69.3066,0.0
2008-05-29,66.844,149.38
2008-05-30,31.4539,0.0
2008-05-31,40.9209,298.09
2008-06-01,63.5257,146.26
2008-06-02,40.0407,193.46
2008-06-03,37.1001,76.87
2008-06-04,17.2636,153.63
2008-06-05,10.4022,5.83
2008-06-06,16.7028,0.0
2008-06-07,13.8998,49.16
2008-06-08,9.0634,45.78
2008-06-09,10.5617,0.0
2008-06-10,8.9453,0.0
2008-06-11,7.8504,0.0
2008-06-12,11.3761,19.13
2008-06-13,7.3742,21.19
2008-06-14,5.5145,0.0
2008-06-15,6.5006,0.0
2008-06-16,10.496,50.78
2008-06-17,18.0749,0.0
2008-06-18,13.693,0.0
2008-06-19,20.35,0.0
2008-06-20,14.5149,2.73
2008-06-21,30.7178,0.0
2008-06-22,18.2918,61.71
2008-06-23,30.9435,0.0
2008-06-24,22.3138,5.12
2008-06-25,48.8553,15.72
2008-06-26,55.9407,51.28
2008-06-27,32.9736,0.0
2008-06-28,24.9,0.0
2008-06-29,32.6886,0.0
2008-06-30,46.694,0.0
2008-07-01,40.9344,0.0
2008-07-02,38.0341,0.0
2008-07-03,47.4732,17.35
2008-07-04,45.023,0.0
2008-07-05,24.0739,277.57
2008-07-06,16.5498,52.14
2008-07-07,17.9896,60.5
2008-07-08,28.8477,1.58
2008-07-09,52.0731,0.0
2008-07-10,63.4229,0.0
2008-07-11,62.114,176.7
2008-07-12,73.4304,0.0
2008-07-13,48.1555,41.28
2008-07-14,40.3871,15.31
2008-07-15,26.2152,23.91
2008-07-16,14.8964,115.72
2008-07-17,16.9095,212.59
2008-07-18,17.8583,49.2
2008-07-19,22.9849,15.73
2008-07-20,27.2809,9.98
2008-07-21,28.1724,0.0
2008-07-22,32.9214,0.49
2008-07-23,29.735,33.49
2008-07-24,32.5823,189.37
2008-07-25,22.3074,81.39
2008-07-26,24.6307,16.54
2008-07-27,30.3989,59.12
2008-07-28,21.3922,0.0
2008-07-29,20.8104,0.0
2008-07-30,15.4293,0.0
2008-07-31,12.2217,0.0
2008-08-01,7.7567,34.72
2008-08-02,13.5072,43.73
2008-08-03,20.6054,69.56
2008-08-04,24.4038,12.08
2008-08-05,50.8567,93.54
2008-08-06,41.2697,229.45
2008-08-07,125.7645,0.0
2008-08-08,92.3993,1.6
2008-08-09,84.8624,76.58
2008-08-10,60.2646,0.0
2008-08-11,60.2909,64.69
2008-08-12,72.7274,0.0
2008-08-13,58.6752,0.0
2008-08-14,103.775,0.0
2008-08-15,93.4124,6.14
2008-08-16,85.9413,55.46
2008-08-17,49.3898,0.0
2008-08-18,51.0964,0.0
2008-08-19,42.1121,0.0
2008-08-20,29.1407,24.78
2008-08-21,19.4734,113.69
2008-08-22,54.5452,97.43
2008-08-23,42.3301,242.7
2008-08-24,20.7252,54.15
2008-08-25,14.7237,0.0
2008-08-26,14.0182,3.33
2008-08-27,17.0757,0.0
2008-08-28,20.4874,0.0
2008-08-29,25.3876,3.11
2008-08-30,18.0562,6.05
2008-08-31,19.7394,0.0
2008-09-01,13.0727,30.13
2008-09-02,9.9707,124.43
2008-09-03,6.9068,0.0
2008-09-04,4.4327,0.0
2008-09-05,7.3752,0.0
2008-09-06,10.0566,0.0
2008-09-07,14.9743,33.98
2008-09-08,14.7033,0.0
2008-09-09,19.4902,0.0
2008-09-10,9.0043,0.0
2008-09-11,12.9208,0.0
2008-09-12,13.5833,0.0
2008-09-13,17.0524,0.0
2008-09-14,18.9655,3.87
2008-09-15,12.0048,0.0
2008-09-16,6.4409,128.31
2008-09-17,5.0286,0.0
2008-09-18,6.7349,0.0
2008-09-19,9.2371,0.0
2008-09-20,5.347,137.88
2008-09-21,3.8053,5.54
2008-09-22,3.1008,50.91
2008-09-23,2.9854,29.15
2008-09-24,1.9198,62.67
2008-09-25,1.2544,0.0
2008-09-26,1.0866,176.36
2008-09-27,1.3776,0.0
2008-09-28,1.0229,20.38
2008-09-29,1.2013,0.0
2008-09-30,2.2368,0.0
2008-10-01,1.5125,0.0
2008-10-02,1.6519,0.0
2008-10-03,2.9464,0.0
2008-10-04,2.7783,0.0
2008-10-05,2.4733,0.0
2008-10-06,4.4972,158.29
2008-10-07,4.2692,55.66
2008-10-08,7.2105,0.0
2008-10-09,8.8297,58.63
2008-10-10,7.7649,54.34
2008-10-11,9.6413,0.0
2008-10-12,11.0042,60.22
2008-10-13,16.4802,0.0
2008-10-14,12.5988,0.0
2008-10-15,12.5346,0.0
2008-10-16,11.9695,0.0
2008-10-17,15.6532,0.0
2008-10-18,9.916,0.0
2008-10-19,14.9791,0.0
2008-10-20,17.4362,19.57
2008-10-21,9.7224,0.0
2008-10-22,15.9061,0.0
2008-10-23,37.6975,31.25
2008-10-24,50.1303,131.04
2008-10-25,77.1672,0.0
2008-10-26,66.3325,23.07
2008-10-27,28.5005,0.0
2008-10-28,12.2893,190.52
2008-10-29,13.3962,29.05
2008-10-30,10.283,0.0
2008-10-31,7.098,52.74
2008-11-01,7.1587,89.05
2008-11-02,9.4981,0.0
2008-11-03,5.315,186.42
2008-11-04,4.7115,6.03
2008-11-05,9.3384,0.0
2008-11-06,6.104,0.0
2008-11-07,9.1227,0.0
2008-11-08,7.5955,123.99
2008-11-09,9.7654,68.43
2008-11-10,15.3464,0.0
2008-11-11,20.0395,0.0
2008-11-12,27.3435,40.13
2008-11-13,15.7453,0.0
2008-11-14,23.8784,43.37
2008-11-15,15.7254,0.0
2008-11-16,16.8894,0.0
2008-11-17,18.0194,0.0
2008-11-18,20.9596,0.0
2008-11-19,22.6538,8.39
2008-11-20,15.0766,0.0
2008-11-21,8.4883,16.01
2008-11-22,12.3951,0.0
2008-11-23,13.2457,0.0
2008-11-24,20.7946,14.44
2008-11-25,19.3225,23.5
2008-11-26,10.4232,73.28
2008-11-27,15.5521,77.18
2008-11-28,13.0256,97.33
2008-11-29,14.8039,0.0
2008-11-30,11.1439,121.9
2008-12-01,21.7936,0.0
2008-12-02,14.4468,0.0
2008-12-03,12.3769,0.0
2008-12-04,12.8848,37.54
2008-12-05,8.2256,0.0
2008-12-06,9.7403,0.0
2008-12-07,19.094,0.0
2008-12-08,15.0281,0.0
2008-12-09,17.3159,0.0
2008-12-10,5.514,218.03
2008-12-11,5.8477,0.0
2008-12-12,5.5233,0.42
2008-12-13,4.2758,0.0
2008-12-14,7.3191,81.4
2008-12-15,6.748,64.26
2008-12-16,6.6611,7.68
2008-12-17,6.0752,143.04
2008-12-18,2.9968,0.0
2008-12-19,2.1685,118.62
2008-12-20,3.7752,0.0
2008-12-21,1.802,177.64
2008-12-22,1.587,0.0
2008-12-23,1.6413,11.89
2008-12-24,4.0339,14.03
2008-12-25,6.1559,39.7
2008-12-26,5.286,0.0
2008-12-27,9.7894,0.0
2008-12-28,7.4892,0.0
2008-12-29,11.9341,8.1
2008-12-30,6.9882,38.62
2008-12-31,11.5157,78.93
2009-01-01,9.9151,22.8
2009-01-02,6.7602,0.0
2009-01-03,6.6347,78.54
2009-01-04,7.9741,0.0
2009-01-05,6.8975,0.0
2009-01-06,9.2513,19.47
2009-01-07,7.6265,23.47
2009-01-08,10.4247,201.18
2009-01-09,12.8919,0.37
2009-01-10,12.7612,91.41
2009-01-11,10.8447,0.0
2009-01-12,11.9007,48.69
2009-01-13,15.2277,0.0
2009-01-14,35.1601,0.0
2009-01-15,47.7586,0.0
2009-01-16,64.0592,0.0
2009-01-17,196.9241,43.12
2009-01-18,192.8155,18.34
2009-01-19,186.8861,64.03
2009-01-20,198.6561,0.0
2009-01-21,104.9898,0.0
2009-01-22,73.9924,26.66
2009-01-23,52.5335,23.58
2009-01-24,61.4474,23.78
2009-01-25,50.8211,20.56
2009-01-26,48.5662,0.0
2009-01-27,68.4934,3.21
2009-01-28,85.5256,262.63
2009-01-29,69.1341,23.72
2009-01-30,46.4071,48.93
2009-01-31,67.1595,59.84
2009-02-01,81.2115,0.0
2009-02-02,36.8257,5.97
2009-02-03,30.3254,0.0
2009-02-04,30.8755,209.96
2009-02-05,40.2552,30.83
2009-02-06,54.0519,12.6
2009-02-07,54.8493,13.44
2009-02-08,62.8321,31.31
2009-02-09,57.5909,40.84
2009-02-10,39.4818,0.0
2009-02-11,33.131,0.0
2009-02-12,31.6632,0.0
2009-02-13,29.7474,27.87
2009-02-14,13.2881,0.0
2009-02-15,11.6805,0.0
2009-02-16,12.4908,7.57
2009-02-17,11.5846,2.89
2009-02-18,10.9758,92.66
2009-02-19,14.0795,0.0
2009-02-20,9.3629,107.13
2009-02-21,5.1766,8.72
2009-02-22,5.0763,0.0
2009-02-23,7.8282,63.97
2009-02-24,16.8722,0.0
2009-02-25,23.5006,0.0
2009-02-26,12.7687,0.0
2009-02-27,12.1064,0.0
2009-02-28,14.0664,86.42
2009-03-01,15.6187,0.0
2009-03-02,19.8943,0.0
2009-03-03,13.7461,0.0
2009-03-04,14.6285,130.14
2009-03-05,17.8816,142.24
2009-03-06,25.2974,41.29
2009-03-07,17.9116,37.3
2009-03-08,15.7783,0.0
2009-03-09,5.4109,0.0
2009-03-10,4.7579,0.0
2009-03-11,4.4042,0.0
2009-03-12,3.3605,89.18
2009-03-13,4.2489,55.79
2009-03-14,4.808,14.35
2009-03-15,2.2044,0.6
2009-03-16,2.9581,149.5
2009-03-17,2.4319,24.23
2009-03-18,3.6097,21.17
2009-03-19,2.5263,0.0
2009-03-20,3.1082,156.14
2009-03-21,3.3059,41.38
2009-03-22,4.4343,10.19
2009-03-23,5.3874,0.0
2009-03-24,5.5137,0.0
2009-03-25,3.352,109.28
2009-03-26,2.1846,5.67
2009-03-27,2.1265,0.0
2009-03-28,2.62,0.0
2009-03-29,2.4841,0.0
2009-03-30,3.9007,241.65
2009-03-31,4.0751,0.0
2009-04-01,3.2121,0.0
2009-04-02,3.4179,50.14
2009-04-03,4.4352,0.0
2009-04-04,5.85,92.54
2009-04-05,14.1143,0.0
2009-04-06,11.1971,74.7
2009-04-07,11.5475,45.26
2009-04-08,14.5387,0.0
2009-04-09,14.9391,0.0
2009-04-10,12.6209,39.55
2009-04-11,7.0809,0.0
2009-04-12,6.378,54.68
2009-04-13,4.6175,19.64
2009-04-14,2.6429,0.0
2009-04-15,2.3208,70.67
2009-04-16,1.8625,12.81
2009-04-17,2.9521,0.0
2009-04-18,4.5171,14.76
2009-04-19,3.6133,68.89
2009-04-20,3.828,129.66
2009-04-21,2.1115,0.0
2009-04-22,2.1365,114.09
2009-04-23,3.1004,9.33
2009-04-24,5.1662,0.0
2009-04-25,4.4058,25.77
2009-04-26,7.7906,214.04
2009-04-27,4.621,0.0
2009-04-28,3.2042,0.0
2009-04-29,5.0751,89.8
2009-04-30,11.3739,0.0
2009-05-01,14.6908,0.0
2009-05-02,14.9283,132.43
2009-05-03,6.3268,0.0
2009-05-04,3.1098,0.0
2009-05-05,3.8985,0.0
2009-05-06,3.9283,0.0
2009-05-07,2.9211,0.0
2009-05-08,3.5857,0.0
2009-05-09,4.4058,0.0
2009-05-10,7.4307,0.0
2009-05-11,8.6103,0.0
2009-05-12,15.3124,0.0
2009-05-13,15.7532,0.0
2009-05-14,15.3715,51.91
2009-05-15,24.2311,161.51
2009-05-16,16.0125,0.0
2009-05-17,51.0509,11.12
2009-05-18,54.4814,0.0
2009-05-19,57.9043,0.0
2009-05-20,64.8556,0.0
2009-05-21,124.2565,30.37
2009-05-22,144.5041,0.0
2009-05-23,62.7365,119.81
2009-05-24,99.3853,26.24
2009-05-25,74.4407,42.68
2009-05-26,68.6113,27.03
2009-05-27,36.3202,19.93
2009-05-28,42.3205,0.0
2009-05-29,30.167,0.0
2009-05-30,30.0573,122.13
2009-05-31,25.6275,37.05
2009-06-01,54.2202,56.89
2009-06-02,109.5688,0.0
2009-06-03,94.7407,0.0
2009-06-04,83.5623,72.8
2009-06-05,62.4171,22.23
2009-06-06,87.1353,23.17
2009-06-07,65.9464,0.0
2009-06-08,49.2911,114.56
2009-06-09,66.6689,71.14
2009-06-10,47.4261,53.9
2009-06-11,42.6038,2.82
2009-06-12,20.6722,61.29
2009-06-13,27.0292,21.03
2009-06-14,56.8735,0.0
2009-06-15,68.1774,134.5
2009-06-16,108.4385,14.95
2009-06-17,64.8744,0.0
2009-06-18,63.0263,116.89
2009-06-19,38.0533,0.0
2009-06-20,32.1287,0.0
2009-06-21,41.2817,98.68
2009-06-22,39.4893,0.0
2009-06-23,20.5263,0.0
2009-06-24,11.7774,0.0
2009-06-25,6.9178,119.55
2009-06-26,9.1025,175.85
2009-06-27,22.0687,46.88
2009-06-28,37.115,0.0
2009-06-29,15.8942,0.0
2009-06-30,28.173,112.9
2009-07-01,38.9186,136.67
2009-07-02,19.0917,107.65
2009-07-03,16.5215,24.78
2009-07-04,25.5133,0.0
2009-07-05,30.3436,31.56
2009-07-06,16.7154,0.0
2009-07-07,21.149,0.0
2009-07-08,8.5987,0.0
2009-07-09,8.2387,0.0
2009-07-10,13.7428,170.6
2009-07-11,13.8918,0.0
2009-07-12,11.3697,0.0
2009-07-13,16.62,62.74
2009-07-14,24.2762,134.6
2009-07-15,39.2089,13.93
2009-07-16,50.7729,42.44
2009-07-17,69.7848,63.39
2009-07-18,80.8519,111.36
2009-07-19,76.4354,0.0
2009-07-20,67.5936,45.04
2009-07-21,52.9251,53.78
2009-07-22,28.5336,58.82
2009-07-23,18.0533,39.35
2009-07-24,15.6359,0.0
2009-07-25,16.952,57.22
2009-07-26,29.6361,27.05
2009-07-27,26.9884,65.17
2009-07-28,37.8323,78.94
2009-07-29,52.9926,0.0
2009-07-30,42.3024,0.0
2009-07-31,48.1434,77.24
2009-08-01,38.5373,0.0
2009-08-02,59.3234,4.88
2009-08-03,66.4459,0.0
2009-08-04,35.1329,0.0
2009-08-05,34.0302,1.49
2009-08-06,60.3304,0.0
2009-08-07,48.3549,0.0
2009-08-08,50.9962,88.97
2009-08-09,55.6622,0.0
2009-08-10,31.7334,0.0
2009-08-11,35.625,42.19
2009-08-12,18.288,0.0
2009-08-13,13.614,0.0
2009-08-14,20.7294,23.16
2009-08-15,22.6881,243.12
2009-08-16,18.8323,0.0
2009-08-17,21.5424,0.0
2009-08-18,19.8168,11.52
2009-08-19,18.9093,39.94
2009-08-20,23.5127,18.42
2009-08-21,16.3531,0.0
2009-08-22,16.0389,0.0
2009-08-23,13.6556,103.89
2009-08-24,7.0417,0.0
2009-08-25,5.0487,0.0
2009-08-26,10.2206,138.5
2009-08-27,12.0061,27.82
2009-08-28,6.9545,0.0
2009-08-29,3.8773,32.59
2009-08-30,4.0651,14.52
2009-08-31,8.3544,0.0
2009-09-01,7.9161,0.0
2009-09-02,13.7992,49.33
2009-09-03,15.5226,0.0
2009-09-04,18.1236,0.0
2009-09-05,10.0319,49.54
2009-09-06,14.7146,27.21
2009-09-07,12.4434,0.0
2009-09-08,17.3537,0.0
2009-09-09,11.898,106.38
2009-09-10,12.6122,0.0
2009-09-11,14.2708,0.0
2009-09-12,13.0039,0.0
2009-09-13,14.981,0.0
2009-09-14,12.9796,61.74
2009-09-15,9.756,64.77
2009-09-16,18.7544,21.58
2009-09-17,27.1009,0.0
2009-09-18,18.1887,0.0
2009-09-19,21.6875,0.0
2009-09-20,14.9597,139.77
2009-09-21,8.9243,0.0
2009-09-22,13.7062,229.56
2009-09-23,6.6765,48.58
2009-09-24,10.0806,68.68
2009-09-25,9.0889,0.0
2009-09-26,8.4109,14.34
2009-09-27,10.0808,0.0
2009-09-28,12.737,0.0
2009-09-29,8.9069,0.0
2009-09-30,12.0272,102.91
2009-10-01,12.3691,0.0
2009-10-02,7.286,0.0
2009-10-03,6.9939,57.05
2009-10-04,12.63,0.0
2009-10-05,24.3524,0.0
2009-10-06,29.9816,31.5
2009-10-07,16.724,59.27
2009-10-08,19.4405,60.21
2009-10-09,25.7913,5.24
2009-10-10,31.6961,0.0
2009-10-11,39.1549,169.48
2009-10-12,39.9961,52.35
2009-10-13,34.182,45.18
2009-10-14,23.8549,17.01
2009-10-15,10.206,53.05
2009-10-16,11.6816,0.0
2009-10-17,12.4112,12.55
2009-10-18,15.2447,35.08
2009-10-19,8.5302,0.0
2009-10-20,11.2373,0.0
2009-10-21,25.5515,63.54
2009-10-22,24.2103,129.29
2009-10-23,21.7848,1.47
2009-10-24,23.0029,24.81
2009-10-25,48.5808,13.23
2009-10-26,27.7958,0.0
2009-10-27,27.5154,0.0
2009-10-28,18.1663,195.11
2009-10-29,13.8038,0.0
2009-10-30,13.1596,19.48
2009-10-31,22.1928,25.63
2009-11-01,42.8871,52.23
2009-11-02,45.1245,12.2
2009-11-03,33.8476,0.0
2009-11-04,83.351,40.38
2009-11-05,57.9339,0.0
2009-11-06,39.2905,279.57
2009-11-07,16.9614,0.0
2009-11-08,28.572,0.0
2009-11-09,38.5999,9.3
2009-11-10,91.286,2.63
2009-11-11,42.7034,0.0
2009-11-12,67.8853,5.61
2009-11-13,58.9759,57.09
2009-11-14,69.9495,0.0
2009-11-15,30.2444,137.49
2009-11-16,49.897,39.12
2009-11-17,59.6894,50.3
2009-11-18,50.302,25.9
2009-11-19,56.8295,38.51
2009-11-20,35.8735,130.4
2009-11-21,25.4784,56.41
2009-11-22,19.5777,191.54
2009-11-23,8.783,91.99
2009-11-24,12.7365,0.0
2009-11-25,20.4131,0.0
2009-11-26,14.5633,88.07
2009-11-27,16.4004,84.37
2009-11-28,14.2554,0.0
2009-11-29,15.9712,87.39
2009-11-30,12.03,113.53
2009-12-01,8.3882,0.0
2009-12-02,13.2456,21.24
2009-12-03,12.7719,0.0
2009-12-04,28.7762,0.0
2009-12-05,27.0533,0.0
2009-12-06,17.2603,28.66
2009-12-07,27.459,91.62
2009-12-08,32.9038,159.75
2009-12-09,40.3419,0.0
2009-12-10,58.6109,0.0
2009-12-11,39.0253,0.0
2009-12-12,33.3859,34.25
2009-12-13,28.4744,0.0
2009-12-14,15.6687,22.02
2009-12-15,13.8126,0.0
2009-12-16,23.5621,7.78
2009-12-17,24.5393,5.4
2009-12-18,13.4162,56.14
2009-12-19,7.1244,0.0
2009-12-20,14.7837,17.6
2009-12-21,14.1041,153.55
2009-12-22,10.7907,10.34
2009-12-23,9.8477,39.01
2009-12-24,5.57,0.0
2009-12-25,10.7514,86.29
2009-12-26,9.3701,26.09
2009-12-27,16.8818,0.0
2009-12-28,16.9248,32.23
